name,relativePath,legacyInstructionHash,legacyRawFileHash,v43InstructionHash,v43RawFileHash,hashContract,legacyStatus,legacySource
kfg-v4-0001-bounded-context-migration-map,skills/kfg-v4-0001-bounded-context-migration-map/SKILL.md,87cd63907d12a9d9bf22dcdb7c2df9b257f743af6e50e3d8ee4e53a093bc5523,beff31941a694ae3f15d98f1f9395586dfcca2413fc29f718188b58ba93b8bb9,beff31941a694ae3f15d98f1f9395586dfcca2413fc29f718188b58ba93b8bb9,beff31941a694ae3f15d98f1f9395586dfcca2413fc29f718188b58ba93b8bb9,krom-instruction-raw-utf8-v1,LEGACY_UNPROVEN,KROM Forge v4.2 supplied manifest.json; retained without revalidation
kfg-v4-0002-architecture-fitness-function-suite,skills/kfg-v4-0002-architecture-fitness-function-suite/SKILL.md,b21ab80e0bc823d8ac4d5c348f608e551857db245bc8e22f9f7ccc4ab98f440f,3b50f4ee19ae6fb558d0f5f7bdc3e436ad47a22a083f93f25ce9542440cd1dec,3b50f4ee19ae6fb558d0f5f7bdc3e436ad47a22a083f93f25ce9542440cd1dec,3b50f4ee19ae6fb558d0f5f7bdc3e436ad47a22a083f93f25ce9542440cd1dec,krom-instruction-raw-utf8-v1,LEGACY_UNPROVEN,KROM Forge v4.2 supplied manifest.json; retained without revalidation
kfg-v4-0003-adr-conflict-reconciler,skills/kfg-v4-0003-adr-conflict-reconciler/SKILL.md,487cc3f6301c0740f43df6da1b44b94e288c52907ec3b24c94e3a7232159223d,fcc19ba092cfb396d2f1f40551851651b33b5d8e27278eda1c2dc4395fe5b3e2,fcc19ba092cfb396d2f1f40551851651b33b5d8e27278eda1c2dc4395fe5b3e2,fcc19ba092cfb396d2f1f40551851651b33b5d8e27278eda1c2dc4395fe5b3e2,krom-instruction-raw-utf8-v1,LEGACY_UNPROVEN,KROM Forge v4.2 supplied manifest.json; retained without revalidation
kfg-v4-0004-nfr-budget-negotiator,skills/kfg-v4-0004-nfr-budget-negotiator/SKILL.md,0767a7d48b5e8c2932f420520831d2b9fdf3770fba64dcdb5e1be4b39f910709,cf81f862f9405ad7868d6f0d36cca5c28cb41c542a37720fa5e1afbf760ad0ec,cf81f862f9405ad7868d6f0d36cca5c28cb41c542a37720fa5e1afbf760ad0ec,cf81f862f9405ad7868d6f0d36cca5c28cb41c542a37720fa5e1afbf760ad0ec,krom-instruction-raw-utf8-v1,LEGACY_UNPROVEN,KROM Forge v4.2 supplied manifest.json; retained without revalidation
kfg-v4-0005-sociotechnical-boundary-modeler,skills/kfg-v4-0005-sociotechnical-boundary-modeler/SKILL.md,395c48f20b5704bd70a2b99adeb75a9e67a1c44a2463c2df65a464d67c7d2040,fc6baf0d8467defbf0d3880c3cfce16a5cc6a314c1d0e99ccc92350aef774f3a,fc6baf0d8467defbf0d3880c3cfce16a5cc6a314c1d0e99ccc92350aef774f3a,fc6baf0d8467defbf0d3880c3cfce16a5cc6a314c1d0e99ccc92350aef774f3a,krom-instruction-raw-utf8-v1,LEGACY_UNPROVEN,KROM Forge v4.2 supplied manifest.json; retained without revalidation
kfg-v4-0006-idempotency-key-ledger,skills/kfg-v4-0006-idempotency-key-ledger/SKILL.md,7aa5c690012ea61371c22c2ad8a6e5643af98c48144105c3f21b034754e3a921,4584200b337baea963eb4ccb1119922a1a40099f05fc8e400c9ea1cfd888afe8,4584200b337baea963eb4ccb1119922a1a40099f05fc8e400c9ea1cfd888afe8,4584200b337baea963eb4ccb1119922a1a40099f05fc8e400c9ea1cfd888afe8,krom-instruction-raw-utf8-v1,LEGACY_UNPROVEN,KROM Forge v4.2 supplied manifest.json; retained without revalidation
kfg-v4-0007-backpressure-contract-designer,skills/kfg-v4-0007-backpressure-contract-designer/SKILL.md,69bd9bdc8e64391f2b8bfca6732a0e8be8e56c11fab6ee0ef6cf353f32db1d83,fdb975751baa88c1d0e7921d1717b575ce90439f1d9a6dd5a03da25db0554a6c,fdb975751baa88c1d0e7921d1717b575ce90439f1d9a6dd5a03da25db0554a6c,fdb975751baa88c1d0e7921d1717b575ce90439f1d9a6dd5a03da25db0554a6c,krom-instruction-raw-utf8-v1,LEGACY_UNPROVEN,KROM Forge v4.2 supplied manifest.json; retained without revalidation
kfg-v4-0008-pagination-consistency-auditor,skills/kfg-v4-0008-pagination-consistency-auditor/SKILL.md,7517fa4168f612cb64b07b4f0c07d047a8ed081d163417174817c3220c1e7304,d2d1f573ab3597a742c25ac1766ca1f0836ee66e55c1c74089f7ee8461072152,d2d1f573ab3597a742c25ac1766ca1f0836ee66e55c1c74089f7ee8461072152,d2d1f573ab3597a742c25ac1766ca1f0836ee66e55c1c74089f7ee8461072152,krom-instruction-raw-utf8-v1,LEGACY_UNPROVEN,KROM Forge v4.2 supplied manifest.json; retained without revalidation
kfg-v4-0009-graceful-shutdown-coordinator,skills/kfg-v4-0009-graceful-shutdown-coordinator/SKILL.md,91504a86ad8a8f7f29c32a5f589f3ae8ff6b18df53aa9ad6f1d9a9b2d5569ef1,5e9a393f56868049b12fbcf0a4c34b01e399d225ffd08e703d7200785e878cbf,5e9a393f56868049b12fbcf0a4c34b01e399d225ffd08e703d7200785e878cbf,5e9a393f56868049b12fbcf0a4c34b01e399d225ffd08e703d7200785e878cbf,krom-instruction-raw-utf8-v1,LEGACY_UNPROVEN,KROM Forge v4.2 supplied manifest.json; retained without revalidation
kfg-v4-0010-transaction-outbox-verifier,skills/kfg-v4-0010-transaction-outbox-verifier/SKILL.md,7ccd337bf940f2c054c184cb1852fe08c7e8007376f35c1d6277418d9ce686ba,2eaa642f33e7e886b682cc000bf4af20f01218e584dc6796371e777eeedf3642,2eaa642f33e7e886b682cc000bf4af20f01218e584dc6796371e777eeedf3642,2eaa642f33e7e886b682cc000bf4af20f01218e584dc6796371e777eeedf3642,krom-instruction-raw-utf8-v1,LEGACY_UNPROVEN,KROM Forge v4.2 supplied manifest.json; retained without revalidation
kfg-v4-0011-server-component-boundary-auditor,skills/kfg-v4-0011-server-component-boundary-auditor/SKILL.md,b53c0076a394f7b6409f35dfbe63dfc212feb0be6144a662368c2138f1f4eda9,5c485d25ce2b2612a6c2e9d302fd137d0024263889d848c91f0eb4debf10ac6b,5c485d25ce2b2612a6c2e9d302fd137d0024263889d848c91f0eb4debf10ac6b,5c485d25ce2b2612a6c2e9d302fd137d0024263889d848c91f0eb4debf10ac6b,krom-instruction-raw-utf8-v1,LEGACY_UNPROVEN,KROM Forge v4.2 supplied manifest.json; retained without revalidation
kfg-v4-0012-design-token-drift-detector,skills/kfg-v4-0012-design-token-drift-detector/SKILL.md,d6ab7f3aff5f032d2c6643aa0054b847e91d0b817e0a57e6f890a4440e46c7b9,84094411fb97120c4c313e23f1651b8b487e3aa060a86ad8e565ca11a4e96ec6,84094411fb97120c4c313e23f1651b8b487e3aa060a86ad8e565ca11a4e96ec6,84094411fb97120c4c313e23f1651b8b487e3aa060a86ad8e565ca11a4e96ec6,krom-instruction-raw-utf8-v1,LEGACY_UNPROVEN,KROM Forge v4.2 supplied manifest.json; retained without revalidation
kfg-v4-0013-optimistic-ui-conflict-resolver,skills/kfg-v4-0013-optimistic-ui-conflict-resolver/SKILL.md,a2c75e3c60ecc058852c29014eec98c8e8162596851c631f46ae73690d2b2670,9b36d72dc387200b39c2fda1e5096ebe5b9cc09a188cb95bdd9544529674c489,9b36d72dc387200b39c2fda1e5096ebe5b9cc09a188cb95bdd9544529674c489,9b36d72dc387200b39c2fda1e5096ebe5b9cc09a188cb95bdd9544529674c489,krom-instruction-raw-utf8-v1,LEGACY_UNPROVEN,KROM Forge v4.2 supplied manifest.json; retained without revalidation
kfg-v4-0014-form-state-machine-designer,skills/kfg-v4-0014-form-state-machine-designer/SKILL.md,3eb768f4b481c628261d7f75bf9b79a5c74a29577222ca9170ff8b0a32c704db,a252683eed8b4e47db879eee2d6386a1be0230dce3d78a5675aad70b10d238b4,a252683eed8b4e47db879eee2d6386a1be0230dce3d78a5675aad70b10d238b4,a252683eed8b4e47db879eee2d6386a1be0230dce3d78a5675aad70b10d238b4,krom-instruction-raw-utf8-v1,LEGACY_UNPROVEN,KROM Forge v4.2 supplied manifest.json; retained without revalidation
kfg-v4-0015-browser-storage-privacy-auditor,skills/kfg-v4-0015-browser-storage-privacy-auditor/SKILL.md,de7084c12e6d775671840d1de40306c96d5f2dab48c680b0e70386fd9ed572d8,0d3a5695c11305492fe4812c1fd348d1e486b0d1b0c4a2684343e78db70082fe,0d3a5695c11305492fe4812c1fd348d1e486b0d1b0c4a2684343e78db70082fe,0d3a5695c11305492fe4812c1fd348d1e486b0d1b0c4a2684343e78db70082fe,krom-instruction-raw-utf8-v1,LEGACY_UNPROVEN,KROM Forge v4.2 supplied manifest.json; retained without revalidation
kfg-v4-0016-offline-first-sync-merkle-planner,skills/kfg-v4-0016-offline-first-sync-merkle-planner/SKILL.md,5db6e00614eff5997560e6e1c60fdea5280ff2ec91ac567b2d25e7d3043538b1,35707b54c1776bd42d9a3707270fa723e1782cb463dd606c9e638ff932c0ad8e,35707b54c1776bd42d9a3707270fa723e1782cb463dd606c9e638ff932c0ad8e,35707b54c1776bd42d9a3707270fa723e1782cb463dd606c9e638ff932c0ad8e,krom-instruction-raw-utf8-v1,LEGACY_UNPROVEN,KROM Forge v4.2 supplied manifest.json; retained without revalidation
kfg-v4-0017-mobile-release-train-auditor,skills/kfg-v4-0017-mobile-release-train-auditor/SKILL.md,99e81c288cf7ab48aec858cd83d2b7a6bb83d6eec33142ec8d964d43dbe06eda,fc4c4a179367eb25fa4b3eef91c3e8c94090476063e0a3bd5188615255521465,fc4c4a179367eb25fa4b3eef91c3e8c94090476063e0a3bd5188615255521465,fc4c4a179367eb25fa4b3eef91c3e8c94090476063e0a3bd5188615255521465,krom-instruction-raw-utf8-v1,LEGACY_UNPROVEN,KROM Forge v4.2 supplied manifest.json; retained without revalidation
kfg-v4-0018-deep-link-integrity-checker,skills/kfg-v4-0018-deep-link-integrity-checker/SKILL.md,8fbf85395a4ce5ba6f920bdf69a09f165cb70c2aeb378f863c43d6d571593bd0,360c136059ffead7a798358ae20a51d33a36bf2557419a1c35ac202b6ed82048,360c136059ffead7a798358ae20a51d33a36bf2557419a1c35ac202b6ed82048,360c136059ffead7a798358ae20a51d33a36bf2557419a1c35ac202b6ed82048,krom-instruction-raw-utf8-v1,LEGACY_UNPROVEN,KROM Forge v4.2 supplied manifest.json; retained without revalidation
kfg-v4-0019-device-capability-fallback-designer,skills/kfg-v4-0019-device-capability-fallback-designer/SKILL.md,f21d54a21c275b362bf05c042294b806e3ded4d6a07b9785b860dda9b6a17479,9f78418d4304b488d8928084d38fe15ae36e88646db4f659b751da2e87912cfe,9f78418d4304b488d8928084d38fe15ae36e88646db4f659b751da2e87912cfe,9f78418d4304b488d8928084d38fe15ae36e88646db4f659b751da2e87912cfe,krom-instruction-raw-utf8-v1,LEGACY_UNPROVEN,KROM Forge v4.2 supplied manifest.json; retained without revalidation
kfg-v4-0020-mobile-crash-symbolication-triager,skills/kfg-v4-0020-mobile-crash-symbolication-triager/SKILL.md,2be006929dc07197838973a53fcd8515116b525160ec41846d8547e16dd71d32,917d2226f5e3e1291d4c1b4f0b2ee5ae4fea9190621a19da7de2ff028bf29613,917d2226f5e3e1291d4c1b4f0b2ee5ae4fea9190621a19da7de2ff028bf29613,917d2226f5e3e1291d4c1b4f0b2ee5ae4fea9190621a19da7de2ff028bf29613,krom-instruction-raw-utf8-v1,LEGACY_UNPROVEN,KROM Forge v4.2 supplied manifest.json; retained without revalidation
kfg-v4-0021-task-flow-friction-analyzer,skills/kfg-v4-0021-task-flow-friction-analyzer/SKILL.md,a73d6108d944c360dceaa7305b350854102c7b72beaec8e44783580ccda1d193,4d81e1187f3d7654e51b72403224a01e5d2f306f94e4de17359d00bfbd25f159,4d81e1187f3d7654e51b72403224a01e5d2f306f94e4de17359d00bfbd25f159,4d81e1187f3d7654e51b72403224a01e5d2f306f94e4de17359d00bfbd25f159,krom-instruction-raw-utf8-v1,LEGACY_UNPROVEN,KROM Forge v4.2 supplied manifest.json; retained without revalidation
kfg-v4-0022-information-scent-heuristic-auditor,skills/kfg-v4-0022-information-scent-heuristic-auditor/SKILL.md,efc78922968c6efd92009432af3c1a3e40880557d81d6bfad328717e2ae1bfc9,861b3623a35b64fe5781aa383dc9e6c939a0028385cdf1503649edaee494db64,861b3623a35b64fe5781aa383dc9e6c939a0028385cdf1503649edaee494db64,861b3623a35b64fe5781aa383dc9e6c939a0028385cdf1503649edaee494db64,krom-instruction-raw-utf8-v1,LEGACY_UNPROVEN,KROM Forge v4.2 supplied manifest.json; retained without revalidation
kfg-v4-0023-data-dense-table-interaction-designer,skills/kfg-v4-0023-data-dense-table-interaction-designer/SKILL.md,54400039684803c19f265cacd7a7e311c14e400a976eafe230f282f486c010a0,d841d66ace4c41d551258055f97dfb7c4f20c08ff53195433bda92d7b15925c5,d841d66ace4c41d551258055f97dfb7c4f20c08ff53195433bda92d7b15925c5,d841d66ace4c41d551258055f97dfb7c4f20c08ff53195433bda92d7b15925c5,krom-instruction-raw-utf8-v1,LEGACY_UNPROVEN,KROM Forge v4.2 supplied manifest.json; retained without revalidation
kfg-v4-0024-empty-state-recovery-designer,skills/kfg-v4-0024-empty-state-recovery-designer/SKILL.md,98d0f1c2b5e3d8f4ee8d4741b6c3a0c1589730edc38049475cf0da18bc0f9f50,581ca51d7204436b8c37ae4023dc13eb0a17369a2381351f9341c0057779a3ed,581ca51d7204436b8c37ae4023dc13eb0a17369a2381351f9341c0057779a3ed,581ca51d7204436b8c37ae4023dc13eb0a17369a2381351f9341c0057779a3ed,krom-instruction-raw-utf8-v1,LEGACY_UNPROVEN,KROM Forge v4.2 supplied manifest.json; retained without revalidation
kfg-v4-0025-design-token-contrast-calibrator,skills/kfg-v4-0025-design-token-contrast-calibrator/SKILL.md,2a2f76ef87178a77b5e3168ca17a474a276762bff3273837ea9e50c6ca10a8c4,1e54be25045379e65f6f01190cbbbd6c66e5ed80cf3397a7e5732437a645ec04,1e54be25045379e65f6f01190cbbbd6c66e5ed80cf3397a7e5732437a645ec04,1e54be25045379e65f6f01190cbbbd6c66e5ed80cf3397a7e5732437a645ec04,krom-instruction-raw-utf8-v1,LEGACY_UNPROVEN,KROM Forge v4.2 supplied manifest.json; retained without revalidation
kfg-v4-0026-schema-federation-composition-auditor,skills/kfg-v4-0026-schema-federation-composition-auditor/SKILL.md,50d423c2732b03ccdd8cb4f47f062dd6400cf74bb1bf8309ecdc53672f2088f3,9419670e3aff9abfdb13e6bfb1a742d88a78cef3d520801ea7d7acf79b7643f3,9419670e3aff9abfdb13e6bfb1a742d88a78cef3d520801ea7d7acf79b7643f3,9419670e3aff9abfdb13e6bfb1a742d88a78cef3d520801ea7d7acf79b7643f3,krom-instruction-raw-utf8-v1,LEGACY_UNPROVEN,KROM Forge v4.2 supplied manifest.json; retained without revalidation
kfg-v4-0027-query-cost-budget-enforcer,skills/kfg-v4-0027-query-cost-budget-enforcer/SKILL.md,c30ceb6c8416a1fb2dd81e5dc21960b09aa98197708ccd70176015e1b03130a4,853c982da13df0ccc3564ec30bee63d57a6f164dd6f9b00ba52ebac3c1be87ae,853c982da13df0ccc3564ec30bee63d57a6f164dd6f9b00ba52ebac3c1be87ae,853c982da13df0ccc3564ec30bee63d57a6f164dd6f9b00ba52ebac3c1be87ae,krom-instruction-raw-utf8-v1,LEGACY_UNPROVEN,KROM Forge v4.2 supplied manifest.json; retained without revalidation
kfg-v4-0028-persisted-operation-registry,skills/kfg-v4-0028-persisted-operation-registry/SKILL.md,60ea55ac932577ad25288ad75016e4a1f8d245279f0186d8a20cea8da1abe9ae,6d5b52986329ec554c260b686e8921e746ccd4e59ea51031e61af6ebe5b195a6,6d5b52986329ec554c260b686e8921e746ccd4e59ea51031e61af6ebe5b195a6,6d5b52986329ec554c260b686e8921e746ccd4e59ea51031e61af6ebe5b195a6,krom-instruction-raw-utf8-v1,LEGACY_UNPROVEN,KROM Forge v4.2 supplied manifest.json; retained without revalidation
kfg-v4-0029-nullability-migration-planner,skills/kfg-v4-0029-nullability-migration-planner/SKILL.md,a4afbba3e5fbc07bfb8a13b8760d6eb931cab28f851b205b07996deeda8ddf8b,0c8670a57d1c7607050ff71514ddb9373d0f254163b94cc3a77de4aba1d49281,0c8670a57d1c7607050ff71514ddb9373d0f254163b94cc3a77de4aba1d49281,0c8670a57d1c7607050ff71514ddb9373d0f254163b94cc3a77de4aba1d49281,krom-instruction-raw-utf8-v1,LEGACY_UNPROVEN,KROM Forge v4.2 supplied manifest.json; retained without revalidation
kfg-v4-0030-subscription-backpressure-guard,skills/kfg-v4-0030-subscription-backpressure-guard/SKILL.md,6c51bb17e850c09a5b482a6be32696b2857cf16656e47835a7552d28e7ea4dbc,4477899cc257ba0fa41c707ec70e76fd644b9c8105e2434f54cbe6ab36f8a4c9,4477899cc257ba0fa41c707ec70e76fd644b9c8105e2434f54cbe6ab36f8a4c9,4477899cc257ba0fa41c707ec70e76fd644b9c8105e2434f54cbe6ab36f8a4c9,krom-instruction-raw-utf8-v1,LEGACY_UNPROVEN,KROM Forge v4.2 supplied manifest.json; retained without revalidation
kfg-v4-0031-signature-rotation-verifier,skills/kfg-v4-0031-signature-rotation-verifier/SKILL.md,c0e0496e38c8ec6b134334f32bb545aee0df1515f43105b0d172292378855f9c,487b6756e9398cba788136af67d3e50ec6491fe5f3e3f6f2885bc5eba9491d16,487b6756e9398cba788136af67d3e50ec6491fe5f3e3f6f2885bc5eba9491d16,487b6756e9398cba788136af67d3e50ec6491fe5f3e3f6f2885bc5eba9491d16,krom-instruction-raw-utf8-v1,LEGACY_UNPROVEN,KROM Forge v4.2 supplied manifest.json; retained without revalidation
kfg-v4-0032-delivery-ordering-reconciler,skills/kfg-v4-0032-delivery-ordering-reconciler/SKILL.md,d085c74715ea808546b8efda201e561f7bac4f9321475d6125854c29d3c9864c,00e72f6f98ce2d28f6bfeaa5a148310ecbde76a68b7332ccb1d6f5fd85c943b0,00e72f6f98ce2d28f6bfeaa5a148310ecbde76a68b7332ccb1d6f5fd85c943b0,00e72f6f98ce2d28f6bfeaa5a148310ecbde76a68b7332ccb1d6f5fd85c943b0,krom-instruction-raw-utf8-v1,LEGACY_UNPROVEN,KROM Forge v4.2 supplied manifest.json; retained without revalidation
kfg-v4-0033-replay-window-controller,skills/kfg-v4-0033-replay-window-controller/SKILL.md,ccb5c4577d3dde11dab65fafed01c0d8425cd6a4e999d8431dc65d1c68df82f4,98effff140260779c8beb7eb416027ebd5133c6012cdd58c56ebe8cc79aaf6e1,98effff140260779c8beb7eb416027ebd5133c6012cdd58c56ebe8cc79aaf6e1,98effff140260779c8beb7eb416027ebd5133c6012cdd58c56ebe8cc79aaf6e1,krom-instruction-raw-utf8-v1,LEGACY_UNPROVEN,KROM Forge v4.2 supplied manifest.json; retained without revalidation
kfg-v4-0034-webhook-tenant-isolation-auditor,skills/kfg-v4-0034-webhook-tenant-isolation-auditor/SKILL.md,e6df2d768f06ecf0073378c812cc28db9e8308bdd24264f7f85b66543c824756,6185b6d72d2136cc2eac88a34922caf7e05ed44c71b713f74f66749e16312035,6185b6d72d2136cc2eac88a34922caf7e05ed44c71b713f74f66749e16312035,6185b6d72d2136cc2eac88a34922caf7e05ed44c71b713f74f66749e16312035,krom-instruction-raw-utf8-v1,LEGACY_UNPROVEN,KROM Forge v4.2 supplied manifest.json; retained without revalidation
kfg-v4-0035-dead-letter-replay-planner,skills/kfg-v4-0035-dead-letter-replay-planner/SKILL.md,0709bf71039b9f96a173825eee18e560057a24ca9786fc16afc5a0612c506db6,219c33749d5c732eda9f9cf09bb7df04f2bdb91d7c04753a8a25d2cf3f107793,219c33749d5c732eda9f9cf09bb7df04f2bdb91d7c04753a8a25d2cf3f107793,219c33749d5c732eda9f9cf09bb7df04f2bdb91d7c04753a8a25d2cf3f107793,krom-instruction-raw-utf8-v1,LEGACY_UNPROVEN,KROM Forge v4.2 supplied manifest.json; retained without revalidation
kfg-v4-0036-passkey-enrollment-recovery,skills/kfg-v4-0036-passkey-enrollment-recovery/SKILL.md,ad9629c36ea67da714ee2c02bd2f9b6a550060f0250e468836dbd863234d0363,bdd5b155d50b16bce4a9349bfa6830357b62f677c9251ec530bb0621735e73b5,bdd5b155d50b16bce4a9349bfa6830357b62f677c9251ec530bb0621735e73b5,bdd5b155d50b16bce4a9349bfa6830357b62f677c9251ec530bb0621735e73b5,krom-instruction-raw-utf8-v1,LEGACY_UNPROVEN,KROM Forge v4.2 supplied manifest.json; retained without revalidation
kfg-v4-0037-session-fixation-detector,skills/kfg-v4-0037-session-fixation-detector/SKILL.md,8423fb5dbf9fd137884e565699be87224671e096b02b577b87afa95de918bc5e,41f2f9d9199f65b876d518ed119764985b8d7a1316c0be2de112612b7467670c,41f2f9d9199f65b876d518ed119764985b8d7a1316c0be2de112612b7467670c,41f2f9d9199f65b876d518ed119764985b8d7a1316c0be2de112612b7467670c,krom-instruction-raw-utf8-v1,LEGACY_UNPROVEN,KROM Forge v4.2 supplied manifest.json; retained without revalidation
kfg-v4-0038-oauth-consent-drift-auditor,skills/kfg-v4-0038-oauth-consent-drift-auditor/SKILL.md,677912432ac0fbb00d311154a4699e74b0ea78146b9a3654cf1dae5f17f81e36,f5b9981653d42fb604e450bb73c88fc8e348005cce82356fb504eb8893cc5029,f5b9981653d42fb604e450bb73c88fc8e348005cce82356fb504eb8893cc5029,f5b9981653d42fb604e450bb73c88fc8e348005cce82356fb504eb8893cc5029,krom-instruction-raw-utf8-v1,LEGACY_UNPROVEN,KROM Forge v4.2 supplied manifest.json; retained without revalidation
kfg-v4-0039-token-exchange-boundary-designer,skills/kfg-v4-0039-token-exchange-boundary-designer/SKILL.md,e2346a05df6c5b115731ce8d1ce4906c7ce0a6c4a2368c5bb83d8b4f8f1d9d05,b2382de7e7e47398166f94be7b1b132ab1264a9d3c1565068d4a97afd573b7ca,b2382de7e7e47398166f94be7b1b132ab1264a9d3c1565068d4a97afd573b7ca,b2382de7e7e47398166f94be7b1b132ab1264a9d3c1565068d4a97afd573b7ca,krom-instruction-raw-utf8-v1,LEGACY_UNPROVEN,KROM Forge v4.2 supplied manifest.json; retained without revalidation
kfg-v4-0040-step-up-authentication-orchestrator,skills/kfg-v4-0040-step-up-authentication-orchestrator/SKILL.md,3f65bdd16a0f1cba2685800ab34663d0b49d46ecf0525dc6baed1567d1aa9397,79f969194a48c2ee3b8c8f83d6297ea15b2ef57b346404342da63d7b1582ad63,79f969194a48c2ee3b8c8f83d6297ea15b2ef57b346404342da63d7b1582ad63,79f969194a48c2ee3b8c8f83d6297ea15b2ef57b346404342da63d7b1582ad63,krom-instruction-raw-utf8-v1,LEGACY_UNPROVEN,KROM Forge v4.2 supplied manifest.json; retained without revalidation
kfg-v4-0041-policy-attribute-lineage-auditor,skills/kfg-v4-0041-policy-attribute-lineage-auditor/SKILL.md,f615f9d52a01718c5211a0239f291b1d37b79c6bc3164d82cee02adaf347790d,60994233b897d2e2342f0eb847de50d5e33009796ab80e5984e1731059fe5ab9,60994233b897d2e2342f0eb847de50d5e33009796ab80e5984e1731059fe5ab9,60994233b897d2e2342f0eb847de50d5e33009796ab80e5984e1731059fe5ab9,krom-instruction-raw-utf8-v1,LEGACY_UNPROVEN,KROM Forge v4.2 supplied manifest.json; retained without revalidation
kfg-v4-0042-contextual-access-decision-tester,skills/kfg-v4-0042-contextual-access-decision-tester/SKILL.md,cd9afc77bad2dffa0660497d30ea683450b42accee24e09c58fb49cba940553e,c726ae1aeeef4e73bd8786268802b63d0ebef15a9f21f0e9cbb954952f11c773,c726ae1aeeef4e73bd8786268802b63d0ebef15a9f21f0e9cbb954952f11c773,c726ae1aeeef4e73bd8786268802b63d0ebef15a9f21f0e9cbb954952f11c773,krom-instruction-raw-utf8-v1,LEGACY_UNPROVEN,KROM Forge v4.2 supplied manifest.json; retained without revalidation
kfg-v4-0043-policy-combining-algorithm-reviewer,skills/kfg-v4-0043-policy-combining-algorithm-reviewer/SKILL.md,b456c05de7bb9b30b00b60c03da545a4211887a7af0df50e4e8410476a4df8e9,15dcc6c182ed9c93e7f2be4024981d3be99508becdc978d6c8554eaf1ac3b855,15dcc6c182ed9c93e7f2be4024981d3be99508becdc978d6c8554eaf1ac3b855,15dcc6c182ed9c93e7f2be4024981d3be99508becdc978d6c8554eaf1ac3b855,krom-instruction-raw-utf8-v1,LEGACY_UNPROVEN,KROM Forge v4.2 supplied manifest.json; retained without revalidation
kfg-v4-0044-attribute-freshness-enforcer,skills/kfg-v4-0044-attribute-freshness-enforcer/SKILL.md,9d2db05b4090ca79e0bfd331309b6312402bd67bfae8b16571f573c71639b3ba,55fe103c812f679cbbc4f66fcfaf84a0e9fb8d4c26be209518ccf3e849117b98,55fe103c812f679cbbc4f66fcfaf84a0e9fb8d4c26be209518ccf3e849117b98,55fe103c812f679cbbc4f66fcfaf84a0e9fb8d4c26be209518ccf3e849117b98,krom-instruction-raw-utf8-v1,LEGACY_UNPROVEN,KROM Forge v4.2 supplied manifest.json; retained without revalidation
kfg-v4-0045-abac-explainability-reporter,skills/kfg-v4-0045-abac-explainability-reporter/SKILL.md,8cf0910818155d551cefcbbae6ea65b7670a6e30245b9749d467e73a9d5833fb,2462e3b1bf1afb5c58cac3066078c88f05654237adaaa0ad6515f17b2df83ab8,2462e3b1bf1afb5c58cac3066078c88f05654237adaaa0ad6515f17b2df83ab8,2462e3b1bf1afb5c58cac3066078c88f05654237adaaa0ad6515f17b2df83ab8,krom-instruction-raw-utf8-v1,LEGACY_UNPROVEN,KROM Forge v4.2 supplied manifest.json; retained without revalidation
kfg-v4-0046-rls-policy-shadow-tester,skills/kfg-v4-0046-rls-policy-shadow-tester/SKILL.md,7dc9accf49b6764e2e027c6705bd9b3713bb011b0b884bdee278312f6d0c997d,009568147ca4b53447a5887e1e551e252486b7b48436f310c7c08d63e9fd5c6d,009568147ca4b53447a5887e1e551e252486b7b48436f310c7c08d63e9fd5c6d,009568147ca4b53447a5887e1e551e252486b7b48436f310c7c08d63e9fd5c6d,krom-instruction-raw-utf8-v1,LEGACY_UNPROVEN,KROM Forge v4.2 supplied manifest.json; retained without revalidation
kfg-v4-0047-tenant-key-propagation-auditor,skills/kfg-v4-0047-tenant-key-propagation-auditor/SKILL.md,aa3f5ffdbf6e5dc9c74b035cbf2221d7464222e9d2ff2126bb9317cc177d79c4,4429a0081838be8719e338a417a928fb5fb69bf9fbdaa97f861e41600db642b7,4429a0081838be8719e338a417a928fb5fb69bf9fbdaa97f861e41600db642b7,4429a0081838be8719e338a417a928fb5fb69bf9fbdaa97f861e41600db642b7,krom-instruction-raw-utf8-v1,LEGACY_UNPROVEN,KROM Forge v4.2 supplied manifest.json; retained without revalidation
kfg-v4-0048-security-definer-call-chain-reviewer,skills/kfg-v4-0048-security-definer-call-chain-reviewer/SKILL.md,efccb680db1838ff7704b7ab25ec11dc8850b92e7251463d6dbb16500258cd13,9123d4997d9644e92c4e863467197992667353e27d991e443a2c56bdf43cfb31,9123d4997d9644e92c4e863467197992667353e27d991e443a2c56bdf43cfb31,9123d4997d9644e92c4e863467197992667353e27d991e443a2c56bdf43cfb31,krom-instruction-raw-utf8-v1,LEGACY_UNPROVEN,KROM Forge v4.2 supplied manifest.json; retained without revalidation
kfg-v4-0049-rls-performance-plan-checker,skills/kfg-v4-0049-rls-performance-plan-checker/SKILL.md,3dd30cbe5863a8f889f59210810e97e11a85ea67c0c56608c0129d14aa928652,ca62ea61521f51407071f17e80f0033a548d0030dcff5bb906923096c3039352,ca62ea61521f51407071f17e80f0033a548d0030dcff5bb906923096c3039352,ca62ea61521f51407071f17e80f0033a548d0030dcff5bb906923096c3039352,krom-instruction-raw-utf8-v1,LEGACY_UNPROVEN,KROM Forge v4.2 supplied manifest.json; retained without revalidation
kfg-v4-0050-row-visibility-regression-hunter,skills/kfg-v4-0050-row-visibility-regression-hunter/SKILL.md,4ead88f549c3ab8f2568f1b4d95264c77bbfa3e97e98e1023b1ec87adf3c719a,2dabad06200e3ce1ee3d880f1dacf6427ffd7ae90889385ef6d17377b9b3f0b1,2dabad06200e3ce1ee3d880f1dacf6427ffd7ae90889385ef6d17377b9b3f0b1,2dabad06200e3ce1ee3d880f1dacf6427ffd7ae90889385ef6d17377b9b3f0b1,krom-instruction-raw-utf8-v1,LEGACY_UNPROVEN,KROM Forge v4.2 supplied manifest.json; retained without revalidation
kfg-v4-0051-threat-model-change-diff,skills/kfg-v4-0051-threat-model-change-diff/SKILL.md,58bb160a6dce201d73b7000ee78f6a34284eedaf59f00aba2f355e464ff1415d,d3059fa2bc87efb83ecbfd65fedeb3da8483632e9c37570aa152dfa827f1768e,d3059fa2bc87efb83ecbfd65fedeb3da8483632e9c37570aa152dfa827f1768e,d3059fa2bc87efb83ecbfd65fedeb3da8483632e9c37570aa152dfa827f1768e,krom-instruction-raw-utf8-v1,LEGACY_UNPROVEN,KROM Forge v4.2 supplied manifest.json; retained without revalidation
kfg-v4-0052-sast-triage-prioritizer,skills/kfg-v4-0052-sast-triage-prioritizer/SKILL.md,576bfe6480bb30d0c77296df6235381a93a9570e45b33c0654f1ef41aedbff75,98964bdb04aa163346e042f19a467eff6c8f632760fd379519df16afa4a8dc8d,98964bdb04aa163346e042f19a467eff6c8f632760fd379519df16afa4a8dc8d,98964bdb04aa163346e042f19a467eff6c8f632760fd379519df16afa4a8dc8d,krom-instruction-raw-utf8-v1,LEGACY_UNPROVEN,KROM Forge v4.2 supplied manifest.json; retained without revalidation
kfg-v4-0053-dast-authenticated-surface-mapper,skills/kfg-v4-0053-dast-authenticated-surface-mapper/SKILL.md,a59549646adfb42b48d35105fd4cff230397025df691782462c5d24869a5205b,3fa5a99e6b7fe9adaf34eebd250a8fb9501e67fc2eea0cddae69fb57330e2629,3fa5a99e6b7fe9adaf34eebd250a8fb9501e67fc2eea0cddae69fb57330e2629,3fa5a99e6b7fe9adaf34eebd250a8fb9501e67fc2eea0cddae69fb57330e2629,krom-instruction-raw-utf8-v1,LEGACY_UNPROVEN,KROM Forge v4.2 supplied manifest.json; retained without revalidation
kfg-v4-0054-dependency-exploitability-contextualizer,skills/kfg-v4-0054-dependency-exploitability-contextualizer/SKILL.md,8815128d240053324a091684ccd0e564e3e17f0202bede08e9741bf2f9bd7574,e63fda8517b3dcec54275e30a008fa85d3c93512194a60fb8a264e04491439f7,e63fda8517b3dcec54275e30a008fa85d3c93512194a60fb8a264e04491439f7,e63fda8517b3dcec54275e30a008fa85d3c93512194a60fb8a264e04491439f7,krom-instruction-raw-utf8-v1,LEGACY_UNPROVEN,KROM Forge v4.2 supplied manifest.json; retained without revalidation
kfg-v4-0055-secure-defaults-baseline-builder,skills/kfg-v4-0055-secure-defaults-baseline-builder/SKILL.md,d5d104e528d625c70d128cc30038662031839110eb05eedd0eb988a4ee948f04,82169c3d79646d54093874852faf1f684cb607c63c6538d0845a6b0e29d1414f,82169c3d79646d54093874852faf1f684cb607c63c6538d0845a6b0e29d1414f,82169c3d79646d54093874852faf1f684cb607c63c6538d0845a6b0e29d1414f,krom-instruction-raw-utf8-v1,LEGACY_UNPROVEN,KROM Forge v4.2 supplied manifest.json; retained without revalidation
kfg-v4-0056-cloud-identity-trust-graph,skills/kfg-v4-0056-cloud-identity-trust-graph/SKILL.md,fc36634b86d4565b9f00cc9facafa17fb479de0a4726e388339d29feca9c7c8f,5a6fc70fabe31689ad8e8998abbb6fca19e15e1fa52673fb023ad1a91cfc6a40,5a6fc70fabe31689ad8e8998abbb6fca19e15e1fa52673fb023ad1a91cfc6a40,5a6fc70fabe31689ad8e8998abbb6fca19e15e1fa52673fb023ad1a91cfc6a40,krom-instruction-raw-utf8-v1,LEGACY_UNPROVEN,KROM Forge v4.2 supplied manifest.json; retained without revalidation
kfg-v4-0057-network-segment-intent-validator,skills/kfg-v4-0057-network-segment-intent-validator/SKILL.md,1604cdeda3114445ee1e7bd225e5c6e34bdc8240524f3f9e19d79d6957954fee,9512f6776e96eec66f63ee62eceb7fbaa997047c76c72fdf4065de3d14fee6b1,9512f6776e96eec66f63ee62eceb7fbaa997047c76c72fdf4065de3d14fee6b1,9512f6776e96eec66f63ee62eceb7fbaa997047c76c72fdf4065de3d14fee6b1,krom-instruction-raw-utf8-v1,LEGACY_UNPROVEN,KROM Forge v4.2 supplied manifest.json; retained without revalidation
kfg-v4-0058-cloud-storage-publicness-sentinel,skills/kfg-v4-0058-cloud-storage-publicness-sentinel/SKILL.md,1c66928596bf03ebf4fb7139d497e74195d61adb078934d77dcc996f98ab5e12,c7f90a3dda47bf8bf5035f33113cda991983bbe2a2ad5d45f45021b9527c6787,c7f90a3dda47bf8bf5035f33113cda991983bbe2a2ad5d45f45021b9527c6787,c7f90a3dda47bf8bf5035f33113cda991983bbe2a2ad5d45f45021b9527c6787,krom-instruction-raw-utf8-v1,LEGACY_UNPROVEN,KROM Forge v4.2 supplied manifest.json; retained without revalidation
kfg-v4-0059-workload-identity-rotation-planner,skills/kfg-v4-0059-workload-identity-rotation-planner/SKILL.md,c893b669deb0c613587b7ed70fd06705b8fe06571862515bc1a1a750d7d51d5b,68cd2a7d477978cd83005e20dbaf634062cc050bd5d4b3f09577478ef0ee6dab,68cd2a7d477978cd83005e20dbaf634062cc050bd5d4b3f09577478ef0ee6dab,68cd2a7d477978cd83005e20dbaf634062cc050bd5d4b3f09577478ef0ee6dab,krom-instruction-raw-utf8-v1,LEGACY_UNPROVEN,KROM Forge v4.2 supplied manifest.json; retained without revalidation
kfg-v4-0060-cloud-control-evidence-packager,skills/kfg-v4-0060-cloud-control-evidence-packager/SKILL.md,f075fae384e994770133c501b432fa1eea5891f872e9349732c312fd44b5b20d,941ad7fb5e90828cc2862272c2c6a92240f2918d17d5db8d0224c2fe95b10b89,941ad7fb5e90828cc2862272c2c6a92240f2918d17d5db8d0224c2fe95b10b89,941ad7fb5e90828cc2862272c2c6a92240f2918d17d5db8d0224c2fe95b10b89,krom-instruction-raw-utf8-v1,LEGACY_UNPROVEN,KROM Forge v4.2 supplied manifest.json; retained without revalidation
kfg-v4-0061-secret-zero-bootstrap-designer,skills/kfg-v4-0061-secret-zero-bootstrap-designer/SKILL.md,803347a6fda577c346397d269c62a3b235ca4e4724dc2eaa22fd1f0aec523037,8a86b9de0b4125690a34d91126291d994b5f98fd4b8cdc304664888e14a2fc4d,8a86b9de0b4125690a34d91126291d994b5f98fd4b8cdc304664888e14a2fc4d,8a86b9de0b4125690a34d91126291d994b5f98fd4b8cdc304664888e14a2fc4d,krom-instruction-raw-utf8-v1,LEGACY_UNPROVEN,KROM Forge v4.2 supplied manifest.json; retained without revalidation
kfg-v4-0062-secret-lease-expiry-monitor,skills/kfg-v4-0062-secret-lease-expiry-monitor/SKILL.md,c514ef65a816313f81ea89bd16c0ae72ce2eec7fec32bc83971620a55c608f62,8805b871b37164a2d24ad3b3bf4d14948e1d29510479d40cad246525661cc890,8805b871b37164a2d24ad3b3bf4d14948e1d29510479d40cad246525661cc890,8805b871b37164a2d24ad3b3bf4d14948e1d29510479d40cad246525661cc890,krom-instruction-raw-utf8-v1,LEGACY_UNPROVEN,KROM Forge v4.2 supplied manifest.json; retained without revalidation
kfg-v4-0063-redaction-boundary-tester,skills/kfg-v4-0063-redaction-boundary-tester/SKILL.md,c095d0f2841111a063f75117eee4365636cf1212673ddd51f444a0536f78b85b,865627e3fee8b9a058fbff0de3792785b9f9e14910c18c03e7d2c0b066c5304c,865627e3fee8b9a058fbff0de3792785b9f9e14910c18c03e7d2c0b066c5304c,865627e3fee8b9a058fbff0de3792785b9f9e14910c18c03e7d2c0b066c5304c,krom-instruction-raw-utf8-v1,LEGACY_UNPROVEN,KROM Forge v4.2 supplied manifest.json; retained without revalidation
kfg-v4-0064-kms-key-usage-reconciler,skills/kfg-v4-0064-kms-key-usage-reconciler/SKILL.md,42e335005704d5336d398e8d6790da20b105d41b5c6b9e02200833e1d58b7cd9,6429002e2816f97a2eeacdd0aede5aab0e8ddff01c37c169b2f6e415d9905323,6429002e2816f97a2eeacdd0aede5aab0e8ddff01c37c169b2f6e415d9905323,6429002e2816f97a2eeacdd0aede5aab0e8ddff01c37c169b2f6e415d9905323,krom-instruction-raw-utf8-v1,LEGACY_UNPROVEN,KROM Forge v4.2 supplied manifest.json; retained without revalidation
kfg-v4-0065-credential-incident-revocation-runbook,skills/kfg-v4-0065-credential-incident-revocation-runbook/SKILL.md,824885585c5ca3ba43d1b46470e9fe128179dd4dc901cb5af95c41c7741dd7b3,d5fddc7f41a461ef353c63c81c461273a2b003235bac0958da6644feb61526ae,d5fddc7f41a461ef353c63c81c461273a2b003235bac0958da6644feb61526ae,d5fddc7f41a461ef353c63c81c461273a2b003235bac0958da6644feb61526ae,krom-instruction-raw-utf8-v1,LEGACY_UNPROVEN,KROM Forge v4.2 supplied manifest.json; retained without revalidation
kfg-v4-0066-pipeline-hermeticity-auditor,skills/kfg-v4-0066-pipeline-hermeticity-auditor/SKILL.md,9ee6aba2436f7ec1aa7d1ac61eacd300949c7dfc89a717a7d5c056d7dac4badb,a4295d723db62388329d654934d786335e24efc0422d8c3b6d1efadfa17ee10b,a4295d723db62388329d654934d786335e24efc0422d8c3b6d1efadfa17ee10b,a4295d723db62388329d654934d786335e24efc0422d8c3b6d1efadfa17ee10b,krom-instruction-raw-utf8-v1,LEGACY_UNPROVEN,KROM Forge v4.2 supplied manifest.json; retained without revalidation
kfg-v4-0067-build-cache-poisoning-detector,skills/kfg-v4-0067-build-cache-poisoning-detector/SKILL.md,9471fecf2867fd0ba3992987dbfbea1ba1280188d8847ee05650bc6efd6bc376,bfe7eeeae8ecbf0c89d04ef72d64dd53ac7456037b6ef13018bd64b922ff88fe,bfe7eeeae8ecbf0c89d04ef72d64dd53ac7456037b6ef13018bd64b922ff88fe,bfe7eeeae8ecbf0c89d04ef72d64dd53ac7456037b6ef13018bd64b922ff88fe,krom-instruction-raw-utf8-v1,LEGACY_UNPROVEN,KROM Forge v4.2 supplied manifest.json; retained without revalidation
kfg-v4-0068-promotion-evidence-gate,skills/kfg-v4-0068-promotion-evidence-gate/SKILL.md,9f6fa7eea42189be096607724abbf920d3df77f078be7a900e6b05ed4ecb4655,f12cd23dd2b4647b653844916516843109073be4e67a72b179dd672d4bbcc4bb,f12cd23dd2b4647b653844916516843109073be4e67a72b179dd672d4bbcc4bb,f12cd23dd2b4647b653844916516843109073be4e67a72b179dd672d4bbcc4bb,krom-instruction-raw-utf8-v1,LEGACY_UNPROVEN,KROM Forge v4.2 supplied manifest.json; retained without revalidation
kfg-v4-0069-parallel-job-resource-planner,skills/kfg-v4-0069-parallel-job-resource-planner/SKILL.md,cb69ae600c63d74afd445e2352d456c42e43d07d6a7177a1d62ba370b2d8a7ef,81e0984d0aa3d8a167a353c0dc52912910fb8d756579519a6be090d37850b373,81e0984d0aa3d8a167a353c0dc52912910fb8d756579519a6be090d37850b373,81e0984d0aa3d8a167a353c0dc52912910fb8d756579519a6be090d37850b373,krom-instruction-raw-utf8-v1,LEGACY_UNPROVEN,KROM Forge v4.2 supplied manifest.json; retained without revalidation
kfg-v4-0070-rollback-artifact-attestor,skills/kfg-v4-0070-rollback-artifact-attestor/SKILL.md,ecf853cfb73c6cb75848f31df2c90d750083133e7931233269d12abc9d63500c,16d020bc86f8dbad03a6d9fad89e7aecb9ed17f7871f1f07de8f3db69e22991f,16d020bc86f8dbad03a6d9fad89e7aecb9ed17f7871f1f07de8f3db69e22991f,16d020bc86f8dbad03a6d9fad89e7aecb9ed17f7871f1f07de8f3db69e22991f,krom-instruction-raw-utf8-v1,LEGACY_UNPROVEN,KROM Forge v4.2 supplied manifest.json; retained without revalidation
kfg-v4-0071-workflow-permission-minimizer,skills/kfg-v4-0071-workflow-permission-minimizer/SKILL.md,6eb00a52561a42d5d5b4896cda03e8e2cad2d97610a51b8a8e97f23ee63daf0f,e5586c3b00c9428ff54ad55eceec72405a4d8c94585a9473bd486dd8dc4cf5e6,e5586c3b00c9428ff54ad55eceec72405a4d8c94585a9473bd486dd8dc4cf5e6,e5586c3b00c9428ff54ad55eceec72405a4d8c94585a9473bd486dd8dc4cf5e6,krom-instruction-raw-utf8-v1,LEGACY_UNPROVEN,KROM Forge v4.2 supplied manifest.json; retained without revalidation
kfg-v4-0072-oidc-trust-policy-auditor,skills/kfg-v4-0072-oidc-trust-policy-auditor/SKILL.md,f0bec8d595be1ab01b0864908bbb6aa5c33870b8dc11f98f2047b5c1ca79db89,a49cdc50f6b00f7001199ff2141f86db9b4e1390e9d61fa87d458b6a471eebc6,a49cdc50f6b00f7001199ff2141f86db9b4e1390e9d61fa87d458b6a471eebc6,a49cdc50f6b00f7001199ff2141f86db9b4e1390e9d61fa87d458b6a471eebc6,krom-instruction-raw-utf8-v1,LEGACY_UNPROVEN,KROM Forge v4.2 supplied manifest.json; retained without revalidation
kfg-v4-0073-artifact-attestation-verifier,skills/kfg-v4-0073-artifact-attestation-verifier/SKILL.md,f3f92e0f22b3d2838bc10eab608d319c6bb3653f4804676201bba3b5c851b511,a04bab2beeb64d5602724ccc1112e9a924468cf1fb5f3f552d930bcf15fb721f,a04bab2beeb64d5602724ccc1112e9a924468cf1fb5f3f552d930bcf15fb721f,a04bab2beeb64d5602724ccc1112e9a924468cf1fb5f3f552d930bcf15fb721f,krom-instruction-raw-utf8-v1,LEGACY_UNPROVEN,KROM Forge v4.2 supplied manifest.json; retained without revalidation
kfg-v4-0074-runner-isolation-reviewer,skills/kfg-v4-0074-runner-isolation-reviewer/SKILL.md,7dd15765dfe5826d657693ab9791ed7ae3ca3042cb9966c5ccb3b0daf90b3951,1cac7bbf38b6db1ebf1b609e662fa1f8e2383f77ba0efc80e0ac00255fbe7d0a,1cac7bbf38b6db1ebf1b609e662fa1f8e2383f77ba0efc80e0ac00255fbe7d0a,1cac7bbf38b6db1ebf1b609e662fa1f8e2383f77ba0efc80e0ac00255fbe7d0a,krom-instruction-raw-utf8-v1,LEGACY_UNPROVEN,KROM Forge v4.2 supplied manifest.json; retained without revalidation
kfg-v4-0075-matrix-failure-correlation,skills/kfg-v4-0075-matrix-failure-correlation/SKILL.md,5b0ce4999639b696c45423d4967e2c794d0b46479fa8b7213887f61cad41d446,eb82a374e640ab07d40a6bc6f04ea83387f0e2b7682952d2588f5d7bb3bc482f,eb82a374e640ab07d40a6bc6f04ea83387f0e2b7682952d2588f5d7bb3bc482f,eb82a374e640ab07d40a6bc6f04ea83387f0e2b7682952d2588f5d7bb3bc482f,krom-instruction-raw-utf8-v1,LEGACY_UNPROVEN,KROM Forge v4.2 supplied manifest.json; retained without revalidation
kfg-v4-0076-preview-production-parity-auditor,skills/kfg-v4-0076-preview-production-parity-auditor/SKILL.md,431dd89f8e7c2700a07651db1de23b423cc4716b868e892341a25978661c39bf,02b5afa74f8ca51bad8ac76c5414cc19ebf65fde69e9581b858a1b5dc91dd9a1,02b5afa74f8ca51bad8ac76c5414cc19ebf65fde69e9581b858a1b5dc91dd9a1,02b5afa74f8ca51bad8ac76c5414cc19ebf65fde69e9581b858a1b5dc91dd9a1,krom-instruction-raw-utf8-v1,LEGACY_UNPROVEN,KROM Forge v4.2 supplied manifest.json; retained without revalidation
kfg-v4-0077-edge-runtime-compatibility-checker,skills/kfg-v4-0077-edge-runtime-compatibility-checker/SKILL.md,1f6d084a4d78aee472a878ae32cc23c5bb9f4be929b52b40e9df9f624fcbe19f,68baf0a2dec2f0d65d0ffcee50c7a651e4dc566aaba619e8896bf4583b02d11e,68baf0a2dec2f0d65d0ffcee50c7a651e4dc566aaba619e8896bf4583b02d11e,68baf0a2dec2f0d65d0ffcee50c7a651e4dc566aaba619e8896bf4583b02d11e,krom-instruction-raw-utf8-v1,LEGACY_UNPROVEN,KROM Forge v4.2 supplied manifest.json; retained without revalidation
kfg-v4-0078-deployment-protection-policy,skills/kfg-v4-0078-deployment-protection-policy/SKILL.md,318c05cd1c14a691dc9fd0d0a7897e6d194b36a9334ccdf56b05c9dd7ecce8e0,5996f62570a0781a183f66a8c6be013cbea75bc2709afc007f1dd685f9e11c1d,5996f62570a0781a183f66a8c6be013cbea75bc2709afc007f1dd685f9e11c1d,5996f62570a0781a183f66a8c6be013cbea75bc2709afc007f1dd685f9e11c1d,krom-instruction-raw-utf8-v1,LEGACY_UNPROVEN,KROM Forge v4.2 supplied manifest.json; retained without revalidation
kfg-v4-0079-environment-variable-scope-auditor,skills/kfg-v4-0079-environment-variable-scope-auditor/SKILL.md,8e77b0afb0b4b17eea9812eb3846e8a7da48fa309b063bc4812f2448f8278e4a,1fcc147375a0d82a428373891fbeb70c334d44dc96af5cfb1772ae917619034c,1fcc147375a0d82a428373891fbeb70c334d44dc96af5cfb1772ae917619034c,1fcc147375a0d82a428373891fbeb70c334d44dc96af5cfb1772ae917619034c,krom-instruction-raw-utf8-v1,LEGACY_UNPROVEN,KROM Forge v4.2 supplied manifest.json; retained without revalidation
kfg-v4-0080-serverless-cold-start-profiler,skills/kfg-v4-0080-serverless-cold-start-profiler/SKILL.md,f3229a687d151def3dec53840057a86cacbc6b2d83bc47149f9fa414f9930b19,efb73eccc54a8519cb595f236ad35276b992867df60e43abec2a06e5986e81aa,efb73eccc54a8519cb595f236ad35276b992867df60e43abec2a06e5986e81aa,efb73eccc54a8519cb595f236ad35276b992867df60e43abec2a06e5986e81aa,krom-instruction-raw-utf8-v1,LEGACY_UNPROVEN,KROM Forge v4.2 supplied manifest.json; retained without revalidation
kfg-v4-0081-environment-drift-reconciler,skills/kfg-v4-0081-environment-drift-reconciler/SKILL.md,7cdc2104c34b5b120ba8c7d5a823b7823acd41696a0a2656ab1933f4643cee67,4657b13a85483cf014c71614bcf2afb81183a6ef68e4a318106f3778eb774b96,4657b13a85483cf014c71614bcf2afb81183a6ef68e4a318106f3778eb774b96,4657b13a85483cf014c71614bcf2afb81183a6ef68e4a318106f3778eb774b96,krom-instruction-raw-utf8-v1,LEGACY_UNPROVEN,KROM Forge v4.2 supplied manifest.json; retained without revalidation
kfg-v4-0082-release-train-dependency-mapper,skills/kfg-v4-0082-release-train-dependency-mapper/SKILL.md,4092decac2a106688c1efb2bcc6db71780e9cd1c8a7570716b18ef52bf9742ca,3fd59995c879fe663375237dad54c9a8201ab9861c23eb79209a003d3ecaac6a,3fd59995c879fe663375237dad54c9a8201ab9861c23eb79209a003d3ecaac6a,3fd59995c879fe663375237dad54c9a8201ab9861c23eb79209a003d3ecaac6a,krom-instruction-raw-utf8-v1,LEGACY_UNPROVEN,KROM Forge v4.2 supplied manifest.json; retained without revalidation
kfg-v4-0083-configuration-ownership-linter,skills/kfg-v4-0083-configuration-ownership-linter/SKILL.md,f4dcd3678c97b998078fab6236583cea34b9ceb0e0856d4ab9bce63bc7116982,5ee3cfba9c46a9d2097700a450d78bc65ddd22521a52d627ab381bbf77df8760,5ee3cfba9c46a9d2097700a450d78bc65ddd22521a52d627ab381bbf77df8760,5ee3cfba9c46a9d2097700a450d78bc65ddd22521a52d627ab381bbf77df8760,krom-instruction-raw-utf8-v1,LEGACY_UNPROVEN,KROM Forge v4.2 supplied manifest.json; retained without revalidation
kfg-v4-0084-operational-readiness-checklist,skills/kfg-v4-0084-operational-readiness-checklist/SKILL.md,b9015e652e9b5c1491a25e179cf01e1a34b7c7b188f7717c077094e8dfe81a8e,1c7ee76e195a9e995cdc6e2ff80ddd8a3f4974fe78338c330af3a5092f013810,1c7ee76e195a9e995cdc6e2ff80ddd8a3f4974fe78338c330af3a5092f013810,1c7ee76e195a9e995cdc6e2ff80ddd8a3f4974fe78338c330af3a5092f013810,krom-instruction-raw-utf8-v1,LEGACY_UNPROVEN,KROM Forge v4.2 supplied manifest.json; retained without revalidation
kfg-v4-0085-change-failure-rate-analyzer,skills/kfg-v4-0085-change-failure-rate-analyzer/SKILL.md,b66344bead8cd0b33e52c71674c2c5b449ae861fbe64542b695ad1f710780610,01ea693cf964a62d45c2fca2cd863a208cc81f441333a7ea80648d7b583ec7a1,01ea693cf964a62d45c2fca2cd863a208cc81f441333a7ea80648d7b583ec7a1,01ea693cf964a62d45c2fca2cd863a208cc81f441333a7ea80648d7b583ec7a1,krom-instruction-raw-utf8-v1,LEGACY_UNPROVEN,KROM Forge v4.2 supplied manifest.json; retained without revalidation
kfg-v4-0086-error-budget-policy-calibrator,skills/kfg-v4-0086-error-budget-policy-calibrator/SKILL.md,ddbea89c835ecc3fcd20bd45463746329df747ede36c9ec6a1bb9ece9326023e,fe0947c67233565c62f72a4d922cbc3bbf4b24db9392593982380ee4928ac099,fe0947c67233565c62f72a4d922cbc3bbf4b24db9392593982380ee4928ac099,fe0947c67233565c62f72a4d922cbc3bbf4b24db9392593982380ee4928ac099,krom-instruction-raw-utf8-v1,LEGACY_UNPROVEN,KROM Forge v4.2 supplied manifest.json; retained without revalidation
kfg-v4-0087-toil-source-classifier,skills/kfg-v4-0087-toil-source-classifier/SKILL.md,83314066bc088b1df92f921adc118ea803bcaaaf4077f2a3ca54cced2298da65,d9ade7da756c4b0d7567cd9dd97c98c3ce09d73d654ceada38ada1cb5a749874,d9ade7da756c4b0d7567cd9dd97c98c3ce09d73d654ceada38ada1cb5a749874,d9ade7da756c4b0d7567cd9dd97c98c3ce09d73d654ceada38ada1cb5a749874,krom-instruction-raw-utf8-v1,LEGACY_UNPROVEN,KROM Forge v4.2 supplied manifest.json; retained without revalidation
kfg-v4-0088-capacity-headroom-forecaster,skills/kfg-v4-0088-capacity-headroom-forecaster/SKILL.md,23cf008c08b9a372e63d0e174a2baa2823a27f89270c8345e87d30a4ea456725,9d38220573e09e4ec97edf9348895842bf7e6390bacc9101d2ed855e1c861ce9,9d38220573e09e4ec97edf9348895842bf7e6390bacc9101d2ed855e1c861ce9,9d38220573e09e4ec97edf9348895842bf7e6390bacc9101d2ed855e1c861ce9,krom-instruction-raw-utf8-v1,LEGACY_UNPROVEN,KROM Forge v4.2 supplied manifest.json; retained without revalidation
kfg-v4-0089-service-tiering-reviewer,skills/kfg-v4-0089-service-tiering-reviewer/SKILL.md,090bd502953332f430de3e7533b5566630d634bd49afd79a0e648d8395e02d52,98114138b13e3db0763fd5fe2cb439f295712d6d2e8105b2661efc1566a3f6a7,98114138b13e3db0763fd5fe2cb439f295712d6d2e8105b2661efc1566a3f6a7,98114138b13e3db0763fd5fe2cb439f295712d6d2e8105b2661efc1566a3f6a7,krom-instruction-raw-utf8-v1,LEGACY_UNPROVEN,KROM Forge v4.2 supplied manifest.json; retained without revalidation
kfg-v4-0090-reliability-risk-register,skills/kfg-v4-0090-reliability-risk-register/SKILL.md,d701068bf5582d529dc508f2ca1e7e9ec7da84f45cce3e989b0f2ae83844a210,66b54457d32e0da7ce8384f63f7c95a2a0d47141c4682196a6b1335c7f443884,66b54457d32e0da7ce8384f63f7c95a2a0d47141c4682196a6b1335c7f443884,66b54457d32e0da7ce8384f63f7c95a2a0d47141c4682196a6b1335c7f443884,krom-instruction-raw-utf8-v1,LEGACY_UNPROVEN,KROM Forge v4.2 supplied manifest.json; retained without revalidation
kfg-v4-0091-trace-context-propagation-auditor,skills/kfg-v4-0091-trace-context-propagation-auditor/SKILL.md,88a6704657577b65be8437c874e9ac0ea496d38d84e5fd5a90e0f71be18af2b5,00491c031ebfd3e75fbe91af0c9ec9d213237286794f95fdeff1f93a5765ddb5,00491c031ebfd3e75fbe91af0c9ec9d213237286794f95fdeff1f93a5765ddb5,00491c031ebfd3e75fbe91af0c9ec9d213237286794f95fdeff1f93a5765ddb5,krom-instruction-raw-utf8-v1,LEGACY_UNPROVEN,KROM Forge v4.2 supplied manifest.json; retained without revalidation
kfg-v4-0092-metric-cardinality-budgeter,skills/kfg-v4-0092-metric-cardinality-budgeter/SKILL.md,e09d80f7aa96e2277d97b8e4ba019d3cc31f3fe0a8a382a1024ff79c3caae85f,9c8d497f0b34c3353e70e7c3f95c54683e85992b3d5029f061a28db3ce461cb5,9c8d497f0b34c3353e70e7c3f95c54683e85992b3d5029f061a28db3ce461cb5,9c8d497f0b34c3353e70e7c3f95c54683e85992b3d5029f061a28db3ce461cb5,krom-instruction-raw-utf8-v1,LEGACY_UNPROVEN,KROM Forge v4.2 supplied manifest.json; retained without revalidation
kfg-v4-0093-log-schema-evolution-checker,skills/kfg-v4-0093-log-schema-evolution-checker/SKILL.md,f78968496e518b7377cefd7570a42cb5ad06b1376fc2443d82837fb6265aca4e,594f906b1c19b91545f80811aa2f638531178452c99f56d88c59a9bf651e647e,594f906b1c19b91545f80811aa2f638531178452c99f56d88c59a9bf651e647e,594f906b1c19b91545f80811aa2f638531178452c99f56d88c59a9bf651e647e,krom-instruction-raw-utf8-v1,LEGACY_UNPROVEN,KROM Forge v4.2 supplied manifest.json; retained without revalidation
kfg-v4-0094-alert-noise-correlation-miner,skills/kfg-v4-0094-alert-noise-correlation-miner/SKILL.md,beb3a0ac2acb5ec808af9929a604652da8c8fbb8e2b703ac5345b29b1f4ff4b4,7718ea2f8c6caa98b99cb2df04f494e503c4ab16e9b890cd7acde898a5dedeba,7718ea2f8c6caa98b99cb2df04f494e503c4ab16e9b890cd7acde898a5dedeba,7718ea2f8c6caa98b99cb2df04f494e503c4ab16e9b890cd7acde898a5dedeba,krom-instruction-raw-utf8-v1,LEGACY_UNPROVEN,KROM Forge v4.2 supplied manifest.json; retained without revalidation
kfg-v4-0095-telemetry-retention-cost-planner,skills/kfg-v4-0095-telemetry-retention-cost-planner/SKILL.md,927846906a403c2ad503b8cabbe8b697e92d67925b1764ac0b51da12c7c888b9,2c0b3ac85b2628fc287d9372ceff0bddd6c98ca6cc1701d5857e3460f12b0da2,2c0b3ac85b2628fc287d9372ceff0bddd6c98ca6cc1701d5857e3460f12b0da2,2c0b3ac85b2628fc287d9372ceff0bddd6c98ca6cc1701d5857e3460f12b0da2,krom-instruction-raw-utf8-v1,LEGACY_UNPROVEN,KROM Forge v4.2 supplied manifest.json; retained without revalidation
kfg-v4-0096-tail-latency-causal-profiler,skills/kfg-v4-0096-tail-latency-causal-profiler/SKILL.md,b9ef9309e42e6a4b30e5da97884181e01c3423a4e2a47f54ca8817a9d8452d66,f84e5621e5b98fde48ba3165b5773b259cead93eb3884b18c5967b93e1399a54,f84e5621e5b98fde48ba3165b5773b259cead93eb3884b18c5967b93e1399a54,f84e5621e5b98fde48ba3165b5773b259cead93eb3884b18c5967b93e1399a54,krom-instruction-raw-utf8-v1,LEGACY_UNPROVEN,KROM Forge v4.2 supplied manifest.json; retained without revalidation
kfg-v4-0097-load-model-calibration,skills/kfg-v4-0097-load-model-calibration/SKILL.md,bfaf824d5c8b67b836a3786527c543285176fb3024f0cd8eafe1efb155b11b22,098f69be5a7f8b67b13f736345ab152e95ac957c2f73522e7a9897a76b671386,098f69be5a7f8b67b13f736345ab152e95ac957c2f73522e7a9897a76b671386,098f69be5a7f8b67b13f736345ab152e95ac957c2f73522e7a9897a76b671386,krom-instruction-raw-utf8-v1,LEGACY_UNPROVEN,KROM Forge v4.2 supplied manifest.json; retained without revalidation
kfg-v4-0098-p99-regression-gate,skills/kfg-v4-0098-p99-regression-gate/SKILL.md,208cc33950a500e84d6c2e650789a03aaef9894ddbde22d94adf8a6ab4eedfd8,c428a9be5a8d55d85b90787680d40c0d1ddcd98198dd63001bd5bc3d7b30a892,c428a9be5a8d55d85b90787680d40c0d1ddcd98198dd63001bd5bc3d7b30a892,c428a9be5a8d55d85b90787680d40c0d1ddcd98198dd63001bd5bc3d7b30a892,krom-instruction-raw-utf8-v1,LEGACY_UNPROVEN,KROM Forge v4.2 supplied manifest.json; retained without revalidation
kfg-v4-0099-capacity-saturation-explainer,skills/kfg-v4-0099-capacity-saturation-explainer/SKILL.md,a357219349eb7cea8a3d35214141822ec50c430cb25c0c78b1ca5abea4defddb,15be07323e9f0a6381ed86d52a7079fb3efc7f9da416d6183a9dd8f54b517717,15be07323e9f0a6381ed86d52a7079fb3efc7f9da416d6183a9dd8f54b517717,15be07323e9f0a6381ed86d52a7079fb3efc7f9da416d6183a9dd8f54b517717,krom-instruction-raw-utf8-v1,LEGACY_UNPROVEN,KROM Forge v4.2 supplied manifest.json; retained without revalidation
kfg-v4-0100-performance-budget-contract,skills/kfg-v4-0100-performance-budget-contract/SKILL.md,67e373ad4c7edecbde9bea5cd31125ef5796be3a7aa38a7e136cde3436fca939,6050909fab9d69a175b60a3407a4000b5086901fc219afd5337ced29cd1b98e2,6050909fab9d69a175b60a3407a4000b5086901fc219afd5337ced29cd1b98e2,6050909fab9d69a175b60a3407a4000b5086901fc219afd5337ced29cd1b98e2,krom-instruction-raw-utf8-v1,LEGACY_UNPROVEN,KROM Forge v4.2 supplied manifest.json; retained without revalidation
kfg-v4-0101-cache-key-collision-auditor,skills/kfg-v4-0101-cache-key-collision-auditor/SKILL.md,65fcbbb0c9b4fddb7dfd3014c750984e02f70b3c7c53ce1681a6691c88a8ba5e,60bd1b4b911f468d63dd4017e9891a761eda24da91a86006efbbf3ef76fd38b1,60bd1b4b911f468d63dd4017e9891a761eda24da91a86006efbbf3ef76fd38b1,60bd1b4b911f468d63dd4017e9891a761eda24da91a86006efbbf3ef76fd38b1,krom-instruction-raw-utf8-v1,LEGACY_UNPROVEN,KROM Forge v4.2 supplied manifest.json; retained without revalidation
kfg-v4-0102-stale-while-revalidate-planner,skills/kfg-v4-0102-stale-while-revalidate-planner/SKILL.md,93b8571a17785198864d01153acdb6263e5ee1dd1ae919e2a64c649d86e778de,13f4cc7a69c14146707fd8848abe11f90db454c1c63efff902f083551ca54f6c,13f4cc7a69c14146707fd8848abe11f90db454c1c63efff902f083551ca54f6c,13f4cc7a69c14146707fd8848abe11f90db454c1c63efff902f083551ca54f6c,krom-instruction-raw-utf8-v1,LEGACY_UNPROVEN,KROM Forge v4.2 supplied manifest.json; retained without revalidation
kfg-v4-0103-distributed-invalidation-protocol,skills/kfg-v4-0103-distributed-invalidation-protocol/SKILL.md,16ac908459f6e19ba9b53907ca425066d9699cc1b78442e8251d47d21bf5443c,90ade2c4783137cc9f2d53a8346ed4c43c73f2ee6363e90737ed7df9bf034ea2,90ade2c4783137cc9f2d53a8346ed4c43c73f2ee6363e90737ed7df9bf034ea2,90ade2c4783137cc9f2d53a8346ed4c43c73f2ee6363e90737ed7df9bf034ea2,krom-instruction-raw-utf8-v1,LEGACY_UNPROVEN,KROM Forge v4.2 supplied manifest.json; retained without revalidation
kfg-v4-0104-cache-warmup-safety-checker,skills/kfg-v4-0104-cache-warmup-safety-checker/SKILL.md,c7433bb24f5265eb652a1d2f958b7f168b33824496a0dde8c86ee5b8e9e2b88f,a5dbe2e6a003744bfd965cf3610101fea4168e9a7ed0b4de2024443d83e96bf1,a5dbe2e6a003744bfd965cf3610101fea4168e9a7ed0b4de2024443d83e96bf1,a5dbe2e6a003744bfd965cf3610101fea4168e9a7ed0b4de2024443d83e96bf1,krom-instruction-raw-utf8-v1,LEGACY_UNPROVEN,KROM Forge v4.2 supplied manifest.json; retained without revalidation
kfg-v4-0105-negative-cache-poisoning-detector,skills/kfg-v4-0105-negative-cache-poisoning-detector/SKILL.md,1e7a77d0056841adcccdbadf3526f214bbcf820739d6c1df8a486de40bd7d32c,636ee4596f86e488f5f99c6db0114d2822a8b77bc3d899ec2d64a5ca0dd50fa5,636ee4596f86e488f5f99c6db0114d2822a8b77bc3d899ec2d64a5ca0dd50fa5,636ee4596f86e488f5f99c6db0114d2822a8b77bc3d899ec2d64a5ca0dd50fa5,krom-instruction-raw-utf8-v1,LEGACY_UNPROVEN,KROM Forge v4.2 supplied manifest.json; retained without revalidation
kfg-v4-0106-queue-visibility-timeout-tuner,skills/kfg-v4-0106-queue-visibility-timeout-tuner/SKILL.md,08b77ae283290f5c9ca56bb694587ace550e9e662dcf551a3b56ad81e81baa75,8ad240f3881aea5875106e37a40602f6dda49089d41ae984c8c2b0eb74bb5ae2,8ad240f3881aea5875106e37a40602f6dda49089d41ae984c8c2b0eb74bb5ae2,8ad240f3881aea5875106e37a40602f6dda49089d41ae984c8c2b0eb74bb5ae2,krom-instruction-raw-utf8-v1,LEGACY_UNPROVEN,KROM Forge v4.2 supplied manifest.json; retained without revalidation
kfg-v4-0107-priority-inversion-detector,skills/kfg-v4-0107-priority-inversion-detector/SKILL.md,8f76bbd0331c2e45fd8ff351c3b64d1af1d8b3725a6d5487cc7d0ce6abdeb871,e6fc6134eac9c09fd9c45031df0d0072055dc1d2ff99e4c4a2d1dba968f09b29,e6fc6134eac9c09fd9c45031df0d0072055dc1d2ff99e4c4a2d1dba968f09b29,e6fc6134eac9c09fd9c45031df0d0072055dc1d2ff99e4c4a2d1dba968f09b29,krom-instruction-raw-utf8-v1,LEGACY_UNPROVEN,KROM Forge v4.2 supplied manifest.json; retained without revalidation
kfg-v4-0108-poison-message-quarantine,skills/kfg-v4-0108-poison-message-quarantine/SKILL.md,716bda33b9e1271ee8247c706d2975821d89435d8b18ed6c9020bb92483bf486,13ce1e0c065c268f2f729b44d3ea5e51c96ade6d6dc9a093b4af9d8afd3cfe32,13ce1e0c065c268f2f729b44d3ea5e51c96ade6d6dc9a093b4af9d8afd3cfe32,13ce1e0c065c268f2f729b44d3ea5e51c96ade6d6dc9a093b4af9d8afd3cfe32,krom-instruction-raw-utf8-v1,LEGACY_UNPROVEN,KROM Forge v4.2 supplied manifest.json; retained without revalidation
kfg-v4-0109-consumer-lag-causal-analyzer,skills/kfg-v4-0109-consumer-lag-causal-analyzer/SKILL.md,91061e92da14d18c241ae5aa59d0f9bca84fce09bbdef2d58f7b024e77ab0970,e0c0a10a2b5969b6205dbb66cbeac00d2e313cb25c0b93263aa6e5913aa92b7e,e0c0a10a2b5969b6205dbb66cbeac00d2e313cb25c0b93263aa6e5913aa92b7e,e0c0a10a2b5969b6205dbb66cbeac00d2e313cb25c0b93263aa6e5913aa92b7e,krom-instruction-raw-utf8-v1,LEGACY_UNPROVEN,KROM Forge v4.2 supplied manifest.json; retained without revalidation
kfg-v4-0110-exactly-once-claim-boundary,skills/kfg-v4-0110-exactly-once-claim-boundary/SKILL.md,6fbf328c9ccdbff6e467c74903977d22c45c54ca413b01a8b2f4896a44ebd0cd,361f5295ceeaaa84fe75b46cb5826ef61c016e64aabd0a67fbb8eb3e771f60ba,361f5295ceeaaa84fe75b46cb5826ef61c016e64aabd0a67fbb8eb3e771f60ba,361f5295ceeaaa84fe75b46cb5826ef61c016e64aabd0a67fbb8eb3e771f60ba,krom-instruction-raw-utf8-v1,LEGACY_UNPROVEN,KROM Forge v4.2 supplied manifest.json; retained without revalidation
kfg-v4-0111-worker-lease-fencing-auditor,skills/kfg-v4-0111-worker-lease-fencing-auditor/SKILL.md,d45dbb75cb04de1c0510a3943eac87e243f59fb110d2ec8bfe8e22273f44a704,a8a40a8ff24f5ca3904e5339f16d9981291589c35bee5d4ef8fb045ece01d2ab,a8a40a8ff24f5ca3904e5339f16d9981291589c35bee5d4ef8fb045ece01d2ab,a8a40a8ff24f5ca3904e5339f16d9981291589c35bee5d4ef8fb045ece01d2ab,krom-instruction-raw-utf8-v1,LEGACY_UNPROVEN,KROM Forge v4.2 supplied manifest.json; retained without revalidation
kfg-v4-0112-job-progress-checkpoint-designer,skills/kfg-v4-0112-job-progress-checkpoint-designer/SKILL.md,14119b6c3ab5392e9711ada55945dcba32d3af027aa3b678e0ae9155b66192a0,012f5aaf8b969b1e6bbe6bd9417a4ff6c84df2e1bc0b1465007aaa6a4f81aae4,012f5aaf8b969b1e6bbe6bd9417a4ff6c84df2e1bc0b1465007aaa6a4f81aae4,012f5aaf8b969b1e6bbe6bd9417a4ff6c84df2e1bc0b1465007aaa6a4f81aae4,krom-instruction-raw-utf8-v1,LEGACY_UNPROVEN,KROM Forge v4.2 supplied manifest.json; retained without revalidation
kfg-v4-0113-worker-pool-autoscale-calibrator,skills/kfg-v4-0113-worker-pool-autoscale-calibrator/SKILL.md,b96d14b2176e695ffbc9d3765df011b2b512d23de0423f72398630ee95da845b,c20fef90d5807a62c0ef05f06ef45613d7c1a5353c867faaae110ece8c383070,c20fef90d5807a62c0ef05f06ef45613d7c1a5353c867faaae110ece8c383070,c20fef90d5807a62c0ef05f06ef45613d7c1a5353c867faaae110ece8c383070,krom-instruction-raw-utf8-v1,LEGACY_UNPROVEN,KROM Forge v4.2 supplied manifest.json; retained without revalidation
kfg-v4-0114-graceful-drain-verifier,skills/kfg-v4-0114-graceful-drain-verifier/SKILL.md,7e1b306c624e16261d1ab4fc5223d7a5dad2e5db1e73087ecc865bcc3550111c,4bf14fc237111ba73149f4fa76d584e0920a38b8cad80f60237af5c529eb8d0e,4bf14fc237111ba73149f4fa76d584e0920a38b8cad80f60237af5c529eb8d0e,4bf14fc237111ba73149f4fa76d584e0920a38b8cad80f60237af5c529eb8d0e,krom-instruction-raw-utf8-v1,LEGACY_UNPROVEN,KROM Forge v4.2 supplied manifest.json; retained without revalidation
kfg-v4-0115-retry-storm-prevention,skills/kfg-v4-0115-retry-storm-prevention/SKILL.md,11c27e450b8a26985c6fb8715bbc01ab9b9d6e992c2276486fdbd2301c8473a9,a1e4800a0cd1b5f13f17ce9b56ed727e9c50c7bc442034617926e36eaa83e443,a1e4800a0cd1b5f13f17ce9b56ed727e9c50c7bc442034617926e36eaa83e443,a1e4800a0cd1b5f13f17ce9b56ed727e9c50c7bc442034617926e36eaa83e443,krom-instruction-raw-utf8-v1,LEGACY_UNPROVEN,KROM Forge v4.2 supplied manifest.json; retained without revalidation
kfg-v4-0116-event-schema-compatibility-linter,skills/kfg-v4-0116-event-schema-compatibility-linter/SKILL.md,09eb2d99255032f168bc6251ae33d41bc1fe9f06d36bffabb91ef1338677cccb,094cdb8300d36870b8948acb87a2c5257c95f38ea61ec0632b4674e23ff78a39,094cdb8300d36870b8948acb87a2c5257c95f38ea61ec0632b4674e23ff78a39,094cdb8300d36870b8948acb87a2c5257c95f38ea61ec0632b4674e23ff78a39,krom-instruction-raw-utf8-v1,LEGACY_UNPROVEN,KROM Forge v4.2 supplied manifest.json; retained without revalidation
kfg-v4-0117-consumer-replay-safety-auditor,skills/kfg-v4-0117-consumer-replay-safety-auditor/SKILL.md,7f79203eb32c235dd852d457963cb411d44b51594710038b9017d9af18ab9243,8a891b145964791210abca24b5d1d851e1c491889f408605f5b71e0cb5c02e8d,8a891b145964791210abca24b5d1d851e1c491889f408605f5b71e0cb5c02e8d,8a891b145964791210abca24b5d1d851e1c491889f408605f5b71e0cb5c02e8d,krom-instruction-raw-utf8-v1,LEGACY_UNPROVEN,KROM Forge v4.2 supplied manifest.json; retained without revalidation
kfg-v4-0118-event-ordering-invariant-checker,skills/kfg-v4-0118-event-ordering-invariant-checker/SKILL.md,a3c22ceca15e74fef3046ce7c6f3424ff1519e501878e904fe0686bcdc393427,df360f1b6db7ea16bd59a0207d737b36320ccbb4149c769a8aefa499fa5a937d,df360f1b6db7ea16bd59a0207d737b36320ccbb4149c769a8aefa499fa5a937d,df360f1b6db7ea16bd59a0207d737b36320ccbb4149c769a8aefa499fa5a937d,krom-instruction-raw-utf8-v1,LEGACY_UNPROVEN,KROM Forge v4.2 supplied manifest.json; retained without revalidation
kfg-v4-0119-eventual-consistency-expectation-mapper,skills/kfg-v4-0119-eventual-consistency-expectation-mapper/SKILL.md,d244c9732081d7aa95e4c203dca7cf7f96d76bd5f846eabed78a5ace1451001c,dbe22a9b10a19ad208059f2a217a2b7cae0ec091c0afd9274d67affd397f9b4f,dbe22a9b10a19ad208059f2a217a2b7cae0ec091c0afd9274d67affd397f9b4f,dbe22a9b10a19ad208059f2a217a2b7cae0ec091c0afd9274d67affd397f9b4f,krom-instruction-raw-utf8-v1,LEGACY_UNPROVEN,KROM Forge v4.2 supplied manifest.json; retained without revalidation
kfg-v4-0120-dead-letter-causality-tracer,skills/kfg-v4-0120-dead-letter-causality-tracer/SKILL.md,c1d2cf1cbb3c7242bc2037d73606c55fccddffc512ba85d4b7aaa1fa22967bde,7e0411bd99ca04f5bcd9b8651daf04ad3a440a74c1714b3689ea57afefb79518,7e0411bd99ca04f5bcd9b8651daf04ad3a440a74c1714b3689ea57afefb79518,7e0411bd99ca04f5bcd9b8651daf04ad3a440a74c1714b3689ea57afefb79518,krom-instruction-raw-utf8-v1,LEGACY_UNPROVEN,KROM Forge v4.2 supplied manifest.json; retained without revalidation
kfg-v4-0121-clock-skew-impact-analyzer,skills/kfg-v4-0121-clock-skew-impact-analyzer/SKILL.md,f06450b04102aef7a98f0daabbbf08fc7cfa8a5a6cb4eeedda2cf53c77d061fe,0cd22369b6485aadc0371e16d87bb1b2346e63d80ea2ca49ce3dc492ad7449a9,0cd22369b6485aadc0371e16d87bb1b2346e63d80ea2ca49ce3dc492ad7449a9,0cd22369b6485aadc0371e16d87bb1b2346e63d80ea2ca49ce3dc492ad7449a9,krom-instruction-raw-utf8-v1,LEGACY_UNPROVEN,KROM Forge v4.2 supplied manifest.json; retained without revalidation
kfg-v4-0122-quorum-loss-failure-planner,skills/kfg-v4-0122-quorum-loss-failure-planner/SKILL.md,f5b3ed68c714db831ba620b3834dcf47f97702f78320c3793b7b237022ad0c8b,ddeaeb6f6fcc5425ef9daca83a7ec8cd8d2753604ee9c83755fdda6309472fa6,ddeaeb6f6fcc5425ef9daca83a7ec8cd8d2753604ee9c83755fdda6309472fa6,ddeaeb6f6fcc5425ef9daca83a7ec8cd8d2753604ee9c83755fdda6309472fa6,krom-instruction-raw-utf8-v1,LEGACY_UNPROVEN,KROM Forge v4.2 supplied manifest.json; retained without revalidation
kfg-v4-0123-distributed-lock-fencing-checker,skills/kfg-v4-0123-distributed-lock-fencing-checker/SKILL.md,1e0fe69c292223bbec98f089dc0654477b6c9c76bca3e3eb8f470288989aaa3f,1930d7294fb270a819bdbac5fb12aafec10b9666876917d7ae4b9e80c3cae4eb,1930d7294fb270a819bdbac5fb12aafec10b9666876917d7ae4b9e80c3cae4eb,1930d7294fb270a819bdbac5fb12aafec10b9666876917d7ae4b9e80c3cae4eb,krom-instruction-raw-utf8-v1,LEGACY_UNPROVEN,KROM Forge v4.2 supplied manifest.json; retained without revalidation
kfg-v4-0124-split-brain-detection-designer,skills/kfg-v4-0124-split-brain-detection-designer/SKILL.md,cbfb9ca3295a8a6f450ad716b170baf2d040afe110833fcaab7130ddfb5f410e,a2d5ad01e281ca0b5e6de6d1e376ce6a00748e8cf02a654c8b63eef593af7cf6,a2d5ad01e281ca0b5e6de6d1e376ce6a00748e8cf02a654c8b63eef593af7cf6,a2d5ad01e281ca0b5e6de6d1e376ce6a00748e8cf02a654c8b63eef593af7cf6,krom-instruction-raw-utf8-v1,LEGACY_UNPROVEN,KROM Forge v4.2 supplied manifest.json; retained without revalidation
kfg-v4-0125-cross-region-latency-budgeter,skills/kfg-v4-0125-cross-region-latency-budgeter/SKILL.md,7e7e7125ab746608bb6409645299bcfac1f5d5098d16f86b3fecc5519c295ed8,aa0b7282ca70593252954d0a41784aef0c6864e5d01f80a57b0c9876258304fe,aa0b7282ca70593252954d0a41784aef0c6864e5d01f80a57b0c9876258304fe,aa0b7282ca70593252954d0a41784aef0c6864e5d01f80a57b0c9876258304fe,krom-instruction-raw-utf8-v1,LEGACY_UNPROVEN,KROM Forge v4.2 supplied manifest.json; retained without revalidation
kfg-v4-0126-service-boundary-conway-review,skills/kfg-v4-0126-service-boundary-conway-review/SKILL.md,67fb1e0debf219a11b1116bc753d8dcb2167dad8108c2ddc1752d5e0207201e8,20209ad96b39413e16b39e17158716c14316cacdcc2758a040e81a75bb7c746d,20209ad96b39413e16b39e17158716c14316cacdcc2758a040e81a75bb7c746d,20209ad96b39413e16b39e17158716c14316cacdcc2758a040e81a75bb7c746d,krom-instruction-raw-utf8-v1,LEGACY_UNPROVEN,KROM Forge v4.2 supplied manifest.json; retained without revalidation
kfg-v4-0127-saga-compensation-modeler,skills/kfg-v4-0127-saga-compensation-modeler/SKILL.md,703b8d1e518791a0696f5ca7adc74d0d55a2b53229ef7292256773271d244c28,4a0879c0d32e6b12ac1991703b4eadf2e2a97662d1ce7f926271098950326381,4a0879c0d32e6b12ac1991703b4eadf2e2a97662d1ce7f926271098950326381,4a0879c0d32e6b12ac1991703b4eadf2e2a97662d1ce7f926271098950326381,krom-instruction-raw-utf8-v1,LEGACY_UNPROVEN,KROM Forge v4.2 supplied manifest.json; retained without revalidation
kfg-v4-0128-contract-version-support-matrix,skills/kfg-v4-0128-contract-version-support-matrix/SKILL.md,02f8342e5f2d147a42261d7298217a99c1701aa147c65cd24466f3c9889535ef,608177f300058d036b9338f2ac6dd0d95e05c9e1bdbd55721cc9d9367a626ad2,608177f300058d036b9338f2ac6dd0d95e05c9e1bdbd55721cc9d9367a626ad2,608177f300058d036b9338f2ac6dd0d95e05c9e1bdbd55721cc9d9367a626ad2,krom-instruction-raw-utf8-v1,LEGACY_UNPROVEN,KROM Forge v4.2 supplied manifest.json; retained without revalidation
kfg-v4-0129-service-ownership-transfer-auditor,skills/kfg-v4-0129-service-ownership-transfer-auditor/SKILL.md,1e1ef43dc7736289839a1aa9ad2f11dd0d18f240cc3d3beb755803ee8a157a1b,678cf4e2b8693bf4ea0128bd7608d650f3c77df0d8108a9bd9fc5c5c448eb671,678cf4e2b8693bf4ea0128bd7608d650f3c77df0d8108a9bd9fc5c5c448eb671,678cf4e2b8693bf4ea0128bd7608d650f3c77df0d8108a9bd9fc5c5c448eb671,krom-instruction-raw-utf8-v1,LEGACY_UNPROVEN,KROM Forge v4.2 supplied manifest.json; retained without revalidation
kfg-v4-0130-dependency-cycle-remediator,skills/kfg-v4-0130-dependency-cycle-remediator/SKILL.md,190bed11e66bb3790c596e9ab5d637f2f95f15fe06c77b8bf13a2a53950a4874,14468c47ca37034299c4c8cdf3790eb13e1805486e52c928ceb6a3f19a85f205,14468c47ca37034299c4c8cdf3790eb13e1805486e52c928ceb6a3f19a85f205,14468c47ca37034299c4c8cdf3790eb13e1805486e52c928ceb6a3f19a85f205,krom-instruction-raw-utf8-v1,LEGACY_UNPROVEN,KROM Forge v4.2 supplied manifest.json; retained without revalidation
kfg-v4-0131-workspace-boundary-policy,skills/kfg-v4-0131-workspace-boundary-policy/SKILL.md,d9c2ea00e292950f24b2c9b04c34c780f945c6c1094757c270844584cf04c7ba,e638f4fdb5d74d2ba8b8f8759b15684eda0c04738a601e31c85050ddc1e51bcf,e638f4fdb5d74d2ba8b8f8759b15684eda0c04738a601e31c85050ddc1e51bcf,e638f4fdb5d74d2ba8b8f8759b15684eda0c04738a601e31c85050ddc1e51bcf,krom-instruction-raw-utf8-v1,LEGACY_UNPROVEN,KROM Forge v4.2 supplied manifest.json; retained without revalidation
kfg-v4-0132-incremental-build-correctness,skills/kfg-v4-0132-incremental-build-correctness/SKILL.md,7557dbf998291083179ac9575f24e2119f6c316714eb8a6ade6bdbedb7924ca8,c1c7914c2d091fb8ddc010ecbc1488b0dd83f0dfa16c467fc4610cf8cc2e21ba,c1c7914c2d091fb8ddc010ecbc1488b0dd83f0dfa16c467fc4610cf8cc2e21ba,c1c7914c2d091fb8ddc010ecbc1488b0dd83f0dfa16c467fc4610cf8cc2e21ba,krom-instruction-raw-utf8-v1,LEGACY_UNPROVEN,KROM Forge v4.2 supplied manifest.json; retained without revalidation
kfg-v4-0133-package-graph-cycle-detector,skills/kfg-v4-0133-package-graph-cycle-detector/SKILL.md,4c4b7038e51774d728fb2844926f39d13f42fe9ed3bb463131b640c8f80bf074,b8a3bf39497bdeb25612fc55431210b0c18433c283a1eb3fc1446f76e2122250,b8a3bf39497bdeb25612fc55431210b0c18433c283a1eb3fc1446f76e2122250,b8a3bf39497bdeb25612fc55431210b0c18433c283a1eb3fc1446f76e2122250,krom-instruction-raw-utf8-v1,LEGACY_UNPROVEN,KROM Forge v4.2 supplied manifest.json; retained without revalidation
kfg-v4-0134-changeset-release-integrity,skills/kfg-v4-0134-changeset-release-integrity/SKILL.md,3c4b6db93623e671138c3a711a23282382e76ea1403e5abaf39fb447d78ca049,9278c50ac5273db490cf22936e480e63f419771d01d5cc26de580fa54b43064f,9278c50ac5273db490cf22936e480e63f419771d01d5cc26de580fa54b43064f,9278c50ac5273db490cf22936e480e63f419771d01d5cc26de580fa54b43064f,krom-instruction-raw-utf8-v1,LEGACY_UNPROVEN,KROM Forge v4.2 supplied manifest.json; retained without revalidation
kfg-v4-0135-cross-package-test-selection,skills/kfg-v4-0135-cross-package-test-selection/SKILL.md,8138a9a10d97dfc83de930ab96c8d7e0fb3f1edb1fb8890a07d47f0a1867eef7,b353cacc847942c1f11889bcbdd01810bfb17543d2740b7559b2f8539c028b43,b353cacc847942c1f11889bcbdd01810bfb17543d2740b7559b2f8539c028b43,b353cacc847942c1f11889bcbdd01810bfb17543d2740b7559b2f8539c028b43,krom-instruction-raw-utf8-v1,LEGACY_UNPROVEN,KROM Forge v4.2 supplied manifest.json; retained without revalidation
kfg-v4-0136-property-based-test-seeder,skills/kfg-v4-0136-property-based-test-seeder/SKILL.md,71a49fc5eeb30a917786aefea9714c70dfd0525be5c4b189b142ae67c65b3f05,4afb71bdfa4fca0a43d67a9d48661086b9958c328dfa8a7c8e801c8148d83a30,4afb71bdfa4fca0a43d67a9d48661086b9958c328dfa8a7c8e801c8148d83a30,4afb71bdfa4fca0a43d67a9d48661086b9958c328dfa8a7c8e801c8148d83a30,krom-instruction-raw-utf8-v1,LEGACY_UNPROVEN,KROM Forge v4.2 supplied manifest.json; retained without revalidation
kfg-v4-0137-mutation-testing-signal-analyzer,skills/kfg-v4-0137-mutation-testing-signal-analyzer/SKILL.md,deaa168eacbc41f4a6f458684567cfdb77c6a0dff800e99f81ebbb234a6a4dcd,1108ffd200efe43e692f7dbb0f3f5e9ae599a815eee101282bd9e8c635641e44,1108ffd200efe43e692f7dbb0f3f5e9ae599a815eee101282bd9e8c635641e44,1108ffd200efe43e692f7dbb0f3f5e9ae599a815eee101282bd9e8c635641e44,krom-instruction-raw-utf8-v1,LEGACY_UNPROVEN,KROM Forge v4.2 supplied manifest.json; retained without revalidation
kfg-v4-0138-test-fixture-isolation-auditor,skills/kfg-v4-0138-test-fixture-isolation-auditor/SKILL.md,90cfde721e51016bc24375ad3c95ed8efc1ab22b5dee0d77c8272ef74049ad83,c5bfb0bea6a5a131711f2f3106dd39b736bcbb581f56de146e6d9231ad044c80,c5bfb0bea6a5a131711f2f3106dd39b736bcbb581f56de146e6d9231ad044c80,c5bfb0bea6a5a131711f2f3106dd39b736bcbb581f56de146e6d9231ad044c80,krom-instruction-raw-utf8-v1,LEGACY_UNPROVEN,KROM Forge v4.2 supplied manifest.json; retained without revalidation
kfg-v4-0139-deterministic-clock-test-harness,skills/kfg-v4-0139-deterministic-clock-test-harness/SKILL.md,592c5a98451b42abe12bfb2817db911791d15a690fdca06766a9eb62d22b26bb,84215a5a3f1cbc93c07b30b2a51c6e084c9559da07e567e815b9058664ab4d1d,84215a5a3f1cbc93c07b30b2a51c6e084c9559da07e567e815b9058664ab4d1d,84215a5a3f1cbc93c07b30b2a51c6e084c9559da07e567e815b9058664ab4d1d,krom-instruction-raw-utf8-v1,LEGACY_UNPROVEN,KROM Forge v4.2 supplied manifest.json; retained without revalidation
kfg-v4-0140-assertion-quality-reviewer,skills/kfg-v4-0140-assertion-quality-reviewer/SKILL.md,3440e86d55c30bf7306b782392006cc15146e61493db7115f43e035aa5e3817a,8b3877e67f7c46b19d46999bb946b4a70b5fa082af4f7f5083fea0a980633a06,8b3877e67f7c46b19d46999bb946b4a70b5fa082af4f7f5083fea0a980633a06,8b3877e67f7c46b19d46999bb946b4a70b5fa082af4f7f5083fea0a980633a06,krom-instruction-raw-utf8-v1,LEGACY_UNPROVEN,KROM Forge v4.2 supplied manifest.json; retained without revalidation
kfg-v4-0141-environment-seam-contract,skills/kfg-v4-0141-environment-seam-contract/SKILL.md,4b8d2f89a433b5a52d6021c47dc4a340815e3acf7486b0e5717c19e99705c093,d99628ef553d97f17aacaa2e65d7a8e566aca2bdb15be6166fe1c773c7d761f3,d99628ef553d97f17aacaa2e65d7a8e566aca2bdb15be6166fe1c773c7d761f3,d99628ef553d97f17aacaa2e65d7a8e566aca2bdb15be6166fe1c773c7d761f3,krom-instruction-raw-utf8-v1,LEGACY_UNPROVEN,KROM Forge v4.2 supplied manifest.json; retained without revalidation
kfg-v4-0142-database-transaction-test-isolation,skills/kfg-v4-0142-database-transaction-test-isolation/SKILL.md,f41a389d5b997085376a17f2b7fd61b6210741b4a2aa73a540dc04c98286f33e,37ea0918dfd3414c96c6268a20315f679ed1aab45b58c6865dbd602aedc049d2,37ea0918dfd3414c96c6268a20315f679ed1aab45b58c6865dbd602aedc049d2,37ea0918dfd3414c96c6268a20315f679ed1aab45b58c6865dbd602aedc049d2,krom-instruction-raw-utf8-v1,LEGACY_UNPROVEN,KROM Forge v4.2 supplied manifest.json; retained without revalidation
kfg-v4-0143-external-service-sandbox-parity,skills/kfg-v4-0143-external-service-sandbox-parity/SKILL.md,ae41c9f37def7273eae4840aed0cc0bb3c8d1b6e7d12d4c59efd8264bfc3f354,083dce02bdafb5a638f727539b9c675163329370b692581d354f5a464eed9563,083dce02bdafb5a638f727539b9c675163329370b692581d354f5a464eed9563,083dce02bdafb5a638f727539b9c675163329370b692581d354f5a464eed9563,krom-instruction-raw-utf8-v1,LEGACY_UNPROVEN,KROM Forge v4.2 supplied manifest.json; retained without revalidation
kfg-v4-0144-integration-fixture-lifecycle,skills/kfg-v4-0144-integration-fixture-lifecycle/SKILL.md,8cac78ef045964985ea2749dc8eba273f266cca0d7b748575993bf70bb9d397e,6839934009e97ddea1e1b052345475223a2c71ac1f1c99c1eec33e00e6c92e77,6839934009e97ddea1e1b052345475223a2c71ac1f1c99c1eec33e00e6c92e77,6839934009e97ddea1e1b052345475223a2c71ac1f1c99c1eec33e00e6c92e77,krom-instruction-raw-utf8-v1,LEGACY_UNPROVEN,KROM Forge v4.2 supplied manifest.json; retained without revalidation
kfg-v4-0145-cross-boundary-failure-injection,skills/kfg-v4-0145-cross-boundary-failure-injection/SKILL.md,8906c217baf7e11918be3c35f40a8924e25551088e242a792d39da67060d0500,010c25fca76dab5a77963dae75e9aebcb56abd371b1040a0f2411b8cdb7f6957,010c25fca76dab5a77963dae75e9aebcb56abd371b1040a0f2411b8cdb7f6957,010c25fca76dab5a77963dae75e9aebcb56abd371b1040a0f2411b8cdb7f6957,krom-instruction-raw-utf8-v1,LEGACY_UNPROVEN,KROM Forge v4.2 supplied manifest.json; retained without revalidation
kfg-v4-0146-journey-coverage-mapper,skills/kfg-v4-0146-journey-coverage-mapper/SKILL.md,6f3a225cb53e2324819964b37e4f08d52fa38ea1076d41ab634f32fcdaa3cdac,732e1744e79838dc2d947512b68bd7c731e559558f0c99b05066cf1b976309c1,732e1744e79838dc2d947512b68bd7c731e559558f0c99b05066cf1b976309c1,732e1744e79838dc2d947512b68bd7c731e559558f0c99b05066cf1b976309c1,krom-instruction-raw-utf8-v1,LEGACY_UNPROVEN,KROM Forge v4.2 supplied manifest.json; retained without revalidation
kfg-v4-0147-browser-flake-causal-triage,skills/kfg-v4-0147-browser-flake-causal-triage/SKILL.md,f51ad3fb14769a768bad24d6c693e9fb7b53c95776c6d950aaab907ce6115453,9b8fa6e762f6d0f3851acac79f4b2e6c607b29261fbca44a6824bd011c36ba6a,9b8fa6e762f6d0f3851acac79f4b2e6c607b29261fbca44a6824bd011c36ba6a,9b8fa6e762f6d0f3851acac79f4b2e6c607b29261fbca44a6824bd011c36ba6a,krom-instruction-raw-utf8-v1,LEGACY_UNPROVEN,KROM Forge v4.2 supplied manifest.json; retained without revalidation
kfg-v4-0148-parallel-test-data-isolation,skills/kfg-v4-0148-parallel-test-data-isolation/SKILL.md,63a1db3e6ac4532f93af9e0bd5e0a40c64b73b481fb48b7f7e0df402951c25f6,339e19e7953cac7a1dca5c5ad4abc5fa28d9154a7b8e0e2ed561c9fe66564ef6,339e19e7953cac7a1dca5c5ad4abc5fa28d9154a7b8e0e2ed561c9fe66564ef6,339e19e7953cac7a1dca5c5ad4abc5fa28d9154a7b8e0e2ed561c9fe66564ef6,krom-instruction-raw-utf8-v1,LEGACY_UNPROVEN,KROM Forge v4.2 supplied manifest.json; retained without revalidation
kfg-v4-0149-visual-regression-trust-calibrator,skills/kfg-v4-0149-visual-regression-trust-calibrator/SKILL.md,c8acae771051452d7648c6ceb87f3ef5da576089cbfe92ba117cd8675531cf15,cc3ca5802359164cd99c48cf63cdde9bf094d6de26bbac469e60cc0ab4c1e14a,cc3ca5802359164cd99c48cf63cdde9bf094d6de26bbac469e60cc0ab4c1e14a,cc3ca5802359164cd99c48cf63cdde9bf094d6de26bbac469e60cc0ab4c1e14a,krom-instruction-raw-utf8-v1,LEGACY_UNPROVEN,KROM Forge v4.2 supplied manifest.json; retained without revalidation
kfg-v4-0150-e2e-observability-correlator,skills/kfg-v4-0150-e2e-observability-correlator/SKILL.md,4cb52cc703fa5649c8e20978d4733d3c4012a2b4649efdfb29edadff223da0e6,d67a32962d50689b41593c05a0b7284e1c243747bc79f52c15d7a5e603846806,d67a32962d50689b41593c05a0b7284e1c243747bc79f52c15d7a5e603846806,d67a32962d50689b41593c05a0b7284e1c243747bc79f52c15d7a5e603846806,krom-instruction-raw-utf8-v1,LEGACY_UNPROVEN,KROM Forge v4.2 supplied manifest.json; retained without revalidation
kfg-v4-0151-consumer-driven-contract-publisher,skills/kfg-v4-0151-consumer-driven-contract-publisher/SKILL.md,f1b616ebd0c73bbee226e5aee86ac56726ec6be4037a92938f3d9983a6299eb8,b4dd28d33fd4e3c0ba99e8391acd56baf08a12cf181f004aa4cd40992a7111a9,b4dd28d33fd4e3c0ba99e8391acd56baf08a12cf181f004aa4cd40992a7111a9,b4dd28d33fd4e3c0ba99e8391acd56baf08a12cf181f004aa4cd40992a7111a9,krom-instruction-raw-utf8-v1,LEGACY_UNPROVEN,KROM Forge v4.2 supplied manifest.json; retained without revalidation
kfg-v4-0152-provider-compatibility-verifier,skills/kfg-v4-0152-provider-compatibility-verifier/SKILL.md,3d3012154becd21031c72fb533a838176aeb5a54448a47ef4b0f1f54db2c7957,08033899583949b8deea619980f23ffbc1ff1f18064bd44fd7f5278033447bbb,08033899583949b8deea619980f23ffbc1ff1f18064bd44fd7f5278033447bbb,08033899583949b8deea619980f23ffbc1ff1f18064bd44fd7f5278033447bbb,krom-instruction-raw-utf8-v1,LEGACY_UNPROVEN,KROM Forge v4.2 supplied manifest.json; retained without revalidation
kfg-v4-0153-contract-fixture-minimizer,skills/kfg-v4-0153-contract-fixture-minimizer/SKILL.md,8ce518694a2a418dbfb871d182f3d498e2254e16b4877c8dde166d160c827652,250cb84c62360aa2bfa3a09d3fcebcb10055d48137c1282755e3a2edfb6ddd57,250cb84c62360aa2bfa3a09d3fcebcb10055d48137c1282755e3a2edfb6ddd57,250cb84c62360aa2bfa3a09d3fcebcb10055d48137c1282755e3a2edfb6ddd57,krom-instruction-raw-utf8-v1,LEGACY_UNPROVEN,KROM Forge v4.2 supplied manifest.json; retained without revalidation
kfg-v4-0154-breaking-change-impact-graph,skills/kfg-v4-0154-breaking-change-impact-graph/SKILL.md,818656b7809dd2a44ed4d31bad2d113d3957b1e3704b48a20a5c7a88ca5ed9b5,d8e17837e03480ae75bfaadd7d6e2af6323d9718eb49f788e1df3812e9ccd412,d8e17837e03480ae75bfaadd7d6e2af6323d9718eb49f788e1df3812e9ccd412,d8e17837e03480ae75bfaadd7d6e2af6323d9718eb49f788e1df3812e9ccd412,krom-instruction-raw-utf8-v1,LEGACY_UNPROVEN,KROM Forge v4.2 supplied manifest.json; retained without revalidation
kfg-v4-0155-contract-test-failure-explainer,skills/kfg-v4-0155-contract-test-failure-explainer/SKILL.md,81b5d2bd6f09ef84d292770ece513a603cf409b730ae2716267dfcb1f1a00912,1f7030084a6a9cf8b75ec3e59a25e163cfe0459ed31ffc6424e686e567b167e0,1f7030084a6a9cf8b75ec3e59a25e163cfe0459ed31ffc6424e686e567b167e0,1f7030084a6a9cf8b75ec3e59a25e163cfe0459ed31ffc6424e686e567b167e0,krom-instruction-raw-utf8-v1,LEGACY_UNPROVEN,KROM Forge v4.2 supplied manifest.json; retained without revalidation
kfg-v4-0156-steady-state-hypothesis-builder,skills/kfg-v4-0156-steady-state-hypothesis-builder/SKILL.md,cc59db4898cf9ad85db53440b57718aad57fefee938f2aa2652fb8476f5bc66f,f7105b113ed05ecabefb5b1c42ee00b394dc6fd6b98edfd23139cf59bf98e94e,f7105b113ed05ecabefb5b1c42ee00b394dc6fd6b98edfd23139cf59bf98e94e,f7105b113ed05ecabefb5b1c42ee00b394dc6fd6b98edfd23139cf59bf98e94e,krom-instruction-raw-utf8-v1,LEGACY_UNPROVEN,KROM Forge v4.2 supplied manifest.json; retained without revalidation
kfg-v4-0157-fault-injection-scope-guard,skills/kfg-v4-0157-fault-injection-scope-guard/SKILL.md,7eb7f672ec4b357e4eb5c0840a65c0cdb2e0571464515f003a8c7b529311d52e,098ee17a3eea116093b0264d6b4456ed09f6925193a042a8c3c44fe4cf4b6c6d,098ee17a3eea116093b0264d6b4456ed09f6925193a042a8c3c44fe4cf4b6c6d,098ee17a3eea116093b0264d6b4456ed09f6925193a042a8c3c44fe4cf4b6c6d,krom-instruction-raw-utf8-v1,LEGACY_UNPROVEN,KROM Forge v4.2 supplied manifest.json; retained without revalidation
kfg-v4-0158-game-day-evidence-collector,skills/kfg-v4-0158-game-day-evidence-collector/SKILL.md,76f2f7e2f5bb8bb0a1b4da9ad89b3eb30ab7b452fd818e87e07e8a36387f7de0,f97e9cdd32526eb50ab81a4f1638d62d84ea1b50e32842f8695c50685ceae969,f97e9cdd32526eb50ab81a4f1638d62d84ea1b50e32842f8695c50685ceae969,f97e9cdd32526eb50ab81a4f1638d62d84ea1b50e32842f8695c50685ceae969,krom-instruction-raw-utf8-v1,LEGACY_UNPROVEN,KROM Forge v4.2 supplied manifest.json; retained without revalidation
kfg-v4-0159-blast-radius-budgeter,skills/kfg-v4-0159-blast-radius-budgeter/SKILL.md,cbed8c4e4b06dc67be5ae0731590b90b82b01c23c9cd09cd3ce826a6cac4ba95,343f845ee8312b94b0746159a8c105cc6fac5cce9e3b7e282a5633d65c1a7703,343f845ee8312b94b0746159a8c105cc6fac5cce9e3b7e282a5633d65c1a7703,343f845ee8312b94b0746159a8c105cc6fac5cce9e3b7e282a5633d65c1a7703,krom-instruction-raw-utf8-v1,LEGACY_UNPROVEN,KROM Forge v4.2 supplied manifest.json; retained without revalidation
kfg-v4-0160-chaos-experiment-rollback,skills/kfg-v4-0160-chaos-experiment-rollback/SKILL.md,b8be01f28ab11f75b87ec6b890641e41e1b7123da0edbdff5dc66001569528ef,723f838910a21c42794beed065ad97bd75335fc5ea9986041289ae13cc67e52c,723f838910a21c42794beed065ad97bd75335fc5ea9986041289ae13cc67e52c,723f838910a21c42794beed065ad97bd75335fc5ea9986041289ae13cc67e52c,krom-instruction-raw-utf8-v1,LEGACY_UNPROVEN,KROM Forge v4.2 supplied manifest.json; retained without revalidation
kfg-v4-0161-incident-timeline-reconstructor,skills/kfg-v4-0161-incident-timeline-reconstructor/SKILL.md,1688c773ea348acb621164e32db52fde9837ed60c33d0305e603980f86d7b7ce,b3491b240f3d0e8a254f3ed8382c0d9d5cccd193ed72819936f6a9018d1175ed,b3491b240f3d0e8a254f3ed8382c0d9d5cccd193ed72819936f6a9018d1175ed,b3491b240f3d0e8a254f3ed8382c0d9d5cccd193ed72819936f6a9018d1175ed,krom-instruction-raw-utf8-v1,LEGACY_UNPROVEN,KROM Forge v4.2 supplied manifest.json; retained without revalidation
kfg-v4-0162-severity-calibration-matrix,skills/kfg-v4-0162-severity-calibration-matrix/SKILL.md,d8e08c41ba7505c5728e4e06cf9cb32d9261cf4c70faddbe438007c03b6a4463,edc5d0e7862435120df24d38e77dc56158352a24ed532f39b6a113a62fb6b429,edc5d0e7862435120df24d38e77dc56158352a24ed532f39b6a113a62fb6b429,edc5d0e7862435120df24d38e77dc56158352a24ed532f39b6a113a62fb6b429,krom-instruction-raw-utf8-v1,LEGACY_UNPROVEN,KROM Forge v4.2 supplied manifest.json; retained without revalidation
kfg-v4-0163-oncall-load-balancer,skills/kfg-v4-0163-oncall-load-balancer/SKILL.md,f9ed1ed4537494b8787db69f007c473e15b2873bbc3ce9c67bc11b8b5b776882,6e02c2a65e056e076820383ccb08216baee9aca89bd45a94f8afa120b56c145e,6e02c2a65e056e076820383ccb08216baee9aca89bd45a94f8afa120b56c145e,6e02c2a65e056e076820383ccb08216baee9aca89bd45a94f8afa120b56c145e,krom-instruction-raw-utf8-v1,LEGACY_UNPROVEN,KROM Forge v4.2 supplied manifest.json; retained without revalidation
kfg-v4-0164-customer-impact-estimator,skills/kfg-v4-0164-customer-impact-estimator/SKILL.md,d4b19d80c7155ef14e8f9c8e2058ea9c5bbd33eaaf93b4ea098574a06d6d2484,50c37f06e2d0d6372b9d6d2490aae3c60182454f84fd117db3e3a9674d18aba5,50c37f06e2d0d6372b9d6d2490aae3c60182454f84fd117db3e3a9674d18aba5,50c37f06e2d0d6372b9d6d2490aae3c60182454f84fd117db3e3a9674d18aba5,krom-instruction-raw-utf8-v1,LEGACY_UNPROVEN,KROM Forge v4.2 supplied manifest.json; retained without revalidation
kfg-v4-0165-postincident-action-verifier,skills/kfg-v4-0165-postincident-action-verifier/SKILL.md,36b1027a21f311bbcfb7e96ebc859a7987be5071cbdc5d1b6bae3f153134797b,3533bbf40208b78479feac5fa1eb011d56c4b20bfde918473b4a339c44ef2934,3533bbf40208b78479feac5fa1eb011d56c4b20bfde918473b4a339c44ef2934,3533bbf40208b78479feac5fa1eb011d56c4b20bfde918473b4a339c44ef2934,krom-instruction-raw-utf8-v1,LEGACY_UNPROVEN,KROM Forge v4.2 supplied manifest.json; retained without revalidation
kfg-v4-0166-production-repro-safety-planner,skills/kfg-v4-0166-production-repro-safety-planner/SKILL.md,c8de324fc9b6ca83751a156786f8233991091503d72cf6623a535304ef837f36,9160b40dfe43b1573f7b966d7c63e90a7bd14574a052b0124106d712514c324d,9160b40dfe43b1573f7b966d7c63e90a7bd14574a052b0124106d712514c324d,9160b40dfe43b1573f7b966d7c63e90a7bd14574a052b0124106d712514c324d,krom-instruction-raw-utf8-v1,LEGACY_UNPROVEN,KROM Forge v4.2 supplied manifest.json; retained without revalidation
kfg-v4-0167-feature-flag-bisect-coordinator,skills/kfg-v4-0167-feature-flag-bisect-coordinator/SKILL.md,eebe672de6dc8c0fd8006779031533561f3959777be9bb43b151b438bbcd2a24,2138eaab7bb1779d38630045250ae28df4113c2bb3d38de1ed08396309174130,2138eaab7bb1779d38630045250ae28df4113c2bb3d38de1ed08396309174130,2138eaab7bb1779d38630045250ae28df4113c2bb3d38de1ed08396309174130,krom-instruction-raw-utf8-v1,LEGACY_UNPROVEN,KROM Forge v4.2 supplied manifest.json; retained without revalidation
kfg-v4-0168-log-correlation-investigator,skills/kfg-v4-0168-log-correlation-investigator/SKILL.md,e43d3b6d5799735571b26a20df678b2fa3e18ff1bddcde4bf06d1c2b08d46609,6c5ea27fc3835b223cd96518e84aeb4badc578ae070d1762f32da6d5b6f1a089,6c5ea27fc3835b223cd96518e84aeb4badc578ae070d1762f32da6d5b6f1a089,6c5ea27fc3835b223cd96518e84aeb4badc578ae070d1762f32da6d5b6f1a089,krom-instruction-raw-utf8-v1,LEGACY_UNPROVEN,KROM Forge v4.2 supplied manifest.json; retained without revalidation
kfg-v4-0169-live-query-risk-assessor,skills/kfg-v4-0169-live-query-risk-assessor/SKILL.md,b8e4fb1b7175f0513c47c0f631f1a6c73a2aeac8245c2c5f831a33a67e8b06b6,2e97e59f5d4aa3506dd87a849630ba11f1d73990646041ba2831b83628baf21a,2e97e59f5d4aa3506dd87a849630ba11f1d73990646041ba2831b83628baf21a,2e97e59f5d4aa3506dd87a849630ba11f1d73990646041ba2831b83628baf21a,krom-instruction-raw-utf8-v1,LEGACY_UNPROVEN,KROM Forge v4.2 supplied manifest.json; retained without revalidation
kfg-v4-0170-hotfix-verification-gate,skills/kfg-v4-0170-hotfix-verification-gate/SKILL.md,755474bcb1072b81271bc01df441eee25edad0c8436987804932ffe0f89b48c2,db20228a5f472c27944a489418601fc18a026c948940d45626ff9a70e50f1d22,db20228a5f472c27944a489418601fc18a026c948940d45626ff9a70e50f1d22,db20228a5f472c27944a489418601fc18a026c948940d45626ff9a70e50f1d22,krom-instruction-raw-utf8-v1,LEGACY_UNPROVEN,KROM Forge v4.2 supplied manifest.json; retained without revalidation
kfg-v4-0171-causal-graph-evidence-builder,skills/kfg-v4-0171-causal-graph-evidence-builder/SKILL.md,9d72247ceb8503c137ff627b8969f0ea61ced0e6bf6e2e110e1a15c379b6a221,ef3cd5206d8ff7dd5761f9a4e8312feb41edd1955b8db497acf855974595be8d,ef3cd5206d8ff7dd5761f9a4e8312feb41edd1955b8db497acf855974595be8d,ef3cd5206d8ff7dd5761f9a4e8312feb41edd1955b8db497acf855974595be8d,krom-instruction-raw-utf8-v1,LEGACY_UNPROVEN,KROM Forge v4.2 supplied manifest.json; retained without revalidation
kfg-v4-0172-five-whys-quality-auditor,skills/kfg-v4-0172-five-whys-quality-auditor/SKILL.md,fb5f31ec99d4384ff22ce0a603231622b48046fb10cb3f91afccba8e13ca02d2,9c26962ebe6601e194f08cf79f98bfcd30e74dba6a008b114bc9d891616a3c97,9c26962ebe6601e194f08cf79f98bfcd30e74dba6a008b114bc9d891616a3c97,9c26962ebe6601e194f08cf79f98bfcd30e74dba6a008b114bc9d891616a3c97,krom-instruction-raw-utf8-v1,LEGACY_UNPROVEN,KROM Forge v4.2 supplied manifest.json; retained without revalidation
kfg-v4-0173-counterfactual-hypothesis-tester,skills/kfg-v4-0173-counterfactual-hypothesis-tester/SKILL.md,64e081277392d04e2e097b64ce2366df6e55454fd9718daa8367cc702b371b26,fa3dcc34f78c7f374d789a5abf4434fc2af6bee1ac709f385a151697f2367e84,fa3dcc34f78c7f374d789a5abf4434fc2af6bee1ac709f385a151697f2367e84,fa3dcc34f78c7f374d789a5abf4434fc2af6bee1ac709f385a151697f2367e84,krom-instruction-raw-utf8-v1,LEGACY_UNPROVEN,KROM Forge v4.2 supplied manifest.json; retained without revalidation
kfg-v4-0174-contributing-factor-classifier,skills/kfg-v4-0174-contributing-factor-classifier/SKILL.md,de27f472f489462e93dc4ae201701ff14f54a791f2a5163dfddd72bad2f0c456,3f9b6b7fded7278e66272bff8f40201104e8e64b3933fc9fdbb81138ecc31acf,3f9b6b7fded7278e66272bff8f40201104e8e64b3933fc9fdbb81138ecc31acf,3f9b6b7fded7278e66272bff8f40201104e8e64b3933fc9fdbb81138ecc31acf,krom-instruction-raw-utf8-v1,LEGACY_UNPROVEN,KROM Forge v4.2 supplied manifest.json; retained without revalidation
kfg-v4-0175-root-cause-confidence-scorer,skills/kfg-v4-0175-root-cause-confidence-scorer/SKILL.md,7289c42baa3120a6b91d881450917a837dd7fa6de91869db8eb8d0f3b0d64024,b2cf63300d8a27466715101db8db1713dd9898ef129f28da001f04bbad2ce29b,b2cf63300d8a27466715101db8db1713dd9898ef129f28da001f04bbad2ce29b,b2cf63300d8a27466715101db8db1713dd9898ef129f28da001f04bbad2ce29b,krom-instruction-raw-utf8-v1,LEGACY_UNPROVEN,KROM Forge v4.2 supplied manifest.json; retained without revalidation
kfg-v4-0176-repair-scope-bounding,skills/kfg-v4-0176-repair-scope-bounding/SKILL.md,8019ccd9283c9ea2ae9fdabac025255185e3abfffeda811616c89d0b1e84fa01,cc3f58f70c404bc25738fe12a127345c364712c4a0bab293494ff87a8ffcedc4,cc3f58f70c404bc25738fe12a127345c364712c4a0bab293494ff87a8ffcedc4,cc3f58f70c404bc25738fe12a127345c364712c4a0bab293494ff87a8ffcedc4,krom-instruction-raw-utf8-v1,LEGACY_UNPROVEN,KROM Forge v4.2 supplied manifest.json; retained without revalidation
kfg-v4-0177-patch-risk-estimator,skills/kfg-v4-0177-patch-risk-estimator/SKILL.md,fdcfd6a6283c7ca83b93c7768a5d991106b4e2b48ef1d404ce94c1a22cdcce45,ab07b4ced8436a28190af825a6a11d7e3b76bc88ca30fd6342accc137a06acc2,ab07b4ced8436a28190af825a6a11d7e3b76bc88ca30fd6342accc137a06acc2,ab07b4ced8436a28190af825a6a11d7e3b76bc88ca30fd6342accc137a06acc2,krom-instruction-raw-utf8-v1,LEGACY_UNPROVEN,KROM Forge v4.2 supplied manifest.json; retained without revalidation
kfg-v4-0178-repair-plan-simulator,skills/kfg-v4-0178-repair-plan-simulator/SKILL.md,4f5f4e47dd2e687cbd18645aeaa678bbf5d4d03f745eb86b4b9fb1c55360523e,97c2114fd449d87952db0097847e81d9000e21d23224d1fd1cf9dacc8d13270c,97c2114fd449d87952db0097847e81d9000e21d23224d1fd1cf9dacc8d13270c,97c2114fd449d87952db0097847e81d9000e21d23224d1fd1cf9dacc8d13270c,krom-instruction-raw-utf8-v1,LEGACY_UNPROVEN,KROM Forge v4.2 supplied manifest.json; retained without revalidation
kfg-v4-0179-rollback-readiness-verifier,skills/kfg-v4-0179-rollback-readiness-verifier/SKILL.md,6d644da386f93a5d5e4d974bb0d4ef4b3ad4165e30c957dc1953a526ac5e7cec,bdde373c016eb909927f33217d3b9e8f335b3d4571156125bf93635fc54f3319,bdde373c016eb909927f33217d3b9e8f335b3d4571156125bf93635fc54f3319,bdde373c016eb909927f33217d3b9e8f335b3d4571156125bf93635fc54f3319,krom-instruction-raw-utf8-v1,LEGACY_UNPROVEN,KROM Forge v4.2 supplied manifest.json; retained without revalidation
kfg-v4-0180-repair-claim-evidence-auditor,skills/kfg-v4-0180-repair-claim-evidence-auditor/SKILL.md,29146d4291f3812a2316333c2885a0010d6eee0b8ca2f917c5ba601221e942dd,3e1982929cf3878575cb093d0490a521d6e90423cb2e34c8734fcfd9149c2463,3e1982929cf3878575cb093d0490a521d6e90423cb2e34c8734fcfd9149c2463,3e1982929cf3878575cb093d0490a521d6e90423cb2e34c8734fcfd9149c2463,krom-instruction-raw-utf8-v1,LEGACY_UNPROVEN,KROM Forge v4.2 supplied manifest.json; retained without revalidation
kfg-v4-0181-commit-provenance-reconstructor,skills/kfg-v4-0181-commit-provenance-reconstructor/SKILL.md,168c1f14e013aab4464d0c7faf7cf197ebb0927fee650bba68ded5fe27de943a,54d23bc9265f85dd1faa49f16c99a5b324cc0e2e0b9bb6b18b02e862fe9bde93,54d23bc9265f85dd1faa49f16c99a5b324cc0e2e0b9bb6b18b02e862fe9bde93,54d23bc9265f85dd1faa49f16c99a5b324cc0e2e0b9bb6b18b02e862fe9bde93,krom-instruction-raw-utf8-v1,LEGACY_UNPROVEN,KROM Forge v4.2 supplied manifest.json; retained without revalidation
kfg-v4-0182-branch-divergence-analyzer,skills/kfg-v4-0182-branch-divergence-analyzer/SKILL.md,60805b2448c5640c553ccc341dca029682b18c3984b5c839e20669f100bb3632,9fad6e383229ce1de11b023bf3328ad046e4ba287808c71ce60c35ef51e4ec49,9fad6e383229ce1de11b023bf3328ad046e4ba287808c71ce60c35ef51e4ec49,9fad6e383229ce1de11b023bf3328ad046e4ba287808c71ce60c35ef51e4ec49,krom-instruction-raw-utf8-v1,LEGACY_UNPROVEN,KROM Forge v4.2 supplied manifest.json; retained without revalidation
kfg-v4-0183-revert-safety-planner,skills/kfg-v4-0183-revert-safety-planner/SKILL.md,64e8ec42ec80c3e744087d902b5d21fad0c98adc21cb2da4155bf03511fc3af3,26525dea1f0d1a1681cc45bc324c5b8f76cb1ec873e081722fedea0cdc65ccb2,26525dea1f0d1a1681cc45bc324c5b8f76cb1ec873e081722fedea0cdc65ccb2,26525dea1f0d1a1681cc45bc324c5b8f76cb1ec873e081722fedea0cdc65ccb2,krom-instruction-raw-utf8-v1,LEGACY_UNPROVEN,KROM Forge v4.2 supplied manifest.json; retained without revalidation
kfg-v4-0184-blame-to-release-correlator,skills/kfg-v4-0184-blame-to-release-correlator/SKILL.md,aae89c481c0f96daa3a4334d2b70969de8a69f827642f17cb0f75c4de9cc6842,5e43cd276805ee285561e597feee2a10d50093d4980dfd92384ba8358d9e9687,5e43cd276805ee285561e597feee2a10d50093d4980dfd92384ba8358d9e9687,5e43cd276805ee285561e597feee2a10d50093d4980dfd92384ba8358d9e9687,krom-instruction-raw-utf8-v1,LEGACY_UNPROVEN,KROM Forge v4.2 supplied manifest.json; retained without revalidation
kfg-v4-0185-repository-tamper-detector,skills/kfg-v4-0185-repository-tamper-detector/SKILL.md,574833928a245c2f1fd48a199eb85d688f5e56ea4fe4384f548aedb7c6e58258,7aceb0ae76e114fbcce9eb256eba7a260fb05c4f73705cc1736f5eddaf6e0824,7aceb0ae76e114fbcce9eb256eba7a260fb05c4f73705cc1736f5eddaf6e0824,7aceb0ae76e114fbcce9eb256eba7a260fb05c4f73705cc1736f5eddaf6e0824,krom-instruction-raw-utf8-v1,LEGACY_UNPROVEN,KROM Forge v4.2 supplied manifest.json; retained without revalidation
kfg-v4-0186-dependency-upgrade-impact-map,skills/kfg-v4-0186-dependency-upgrade-impact-map/SKILL.md,7cd8b11ba63d51b92e085e187fe497656a1c1356b158a5baa77dbf9d4df129bc,941afb566842af8ba8c62f6cd514084fb12af3e58207bcc943314e60d2bc64dd,941afb566842af8ba8c62f6cd514084fb12af3e58207bcc943314e60d2bc64dd,941afb566842af8ba8c62f6cd514084fb12af3e58207bcc943314e60d2bc64dd,krom-instruction-raw-utf8-v1,LEGACY_UNPROVEN,KROM Forge v4.2 supplied manifest.json; retained without revalidation
kfg-v4-0187-transitive-vulnerability-triager,skills/kfg-v4-0187-transitive-vulnerability-triager/SKILL.md,9ec76a26c3769e8dcd014f6af36cf31300e4359887c1c3c3b4cacdbaed9493f8,4c53376cc88f6777b2b5e1262a3805bf87ab5efb041404c2ccc1b0130d880b37,4c53376cc88f6777b2b5e1262a3805bf87ab5efb041404c2ccc1b0130d880b37,4c53376cc88f6777b2b5e1262a3805bf87ab5efb041404c2ccc1b0130d880b37,krom-instruction-raw-utf8-v1,LEGACY_UNPROVEN,KROM Forge v4.2 supplied manifest.json; retained without revalidation
kfg-v4-0188-lockfile-integrity-auditor,skills/kfg-v4-0188-lockfile-integrity-auditor/SKILL.md,f416cf1741c157c39ac2c33ee713318ac67d086c9988b5aa392e18c7e237c74d,00640b27608b3ce94c495cfcf5669919971a531e30ac6ee0788e0b72e7265a87,00640b27608b3ce94c495cfcf5669919971a531e30ac6ee0788e0b72e7265a87,00640b27608b3ce94c495cfcf5669919971a531e30ac6ee0788e0b72e7265a87,krom-instruction-raw-utf8-v1,LEGACY_UNPROVEN,KROM Forge v4.2 supplied manifest.json; retained without revalidation
kfg-v4-0189-license-policy-reconciler,skills/kfg-v4-0189-license-policy-reconciler/SKILL.md,2da56cea13acd62674bff7f2861395f1824d49a019b8229e25f309db93b9fed6,42e42bf1cfd08bc7a6b4610e698534e5c0cf9e4d802eb7eec534926201a5d1be,42e42bf1cfd08bc7a6b4610e698534e5c0cf9e4d802eb7eec534926201a5d1be,42e42bf1cfd08bc7a6b4610e698534e5c0cf9e4d802eb7eec534926201a5d1be,krom-instruction-raw-utf8-v1,LEGACY_UNPROVEN,KROM Forge v4.2 supplied manifest.json; retained without revalidation
kfg-v4-0190-dependency-sunset-planner,skills/kfg-v4-0190-dependency-sunset-planner/SKILL.md,12bfe44b29900300a2f5b2c2ffcae7f35da9c3ade025f11ad8a00f95832d0473,4406a36c32b00c0882ffcc9ebd447af4061ae999f0733b71d2f8ee7308c0bbe4,4406a36c32b00c0882ffcc9ebd447af4061ae999f0733b71d2f8ee7308c0bbe4,4406a36c32b00c0882ffcc9ebd447af4061ae999f0733b71d2f8ee7308c0bbe4,krom-instruction-raw-utf8-v1,LEGACY_UNPROVEN,KROM Forge v4.2 supplied manifest.json; retained without revalidation
kfg-v4-0191-sbom-component-provenance,skills/kfg-v4-0191-sbom-component-provenance/SKILL.md,9c40b8f9c3db89b9757ea84bdba1799f8832c728b65ca2c45141ba3c70e66a24,d7d5975e72b1e265abc2b67f6b28ec6a6d2aa820c66494b758155b22630ed465,d7d5975e72b1e265abc2b67f6b28ec6a6d2aa820c66494b758155b22630ed465,d7d5975e72b1e265abc2b67f6b28ec6a6d2aa820c66494b758155b22630ed465,krom-instruction-raw-utf8-v1,LEGACY_UNPROVEN,KROM Forge v4.2 supplied manifest.json; retained without revalidation
kfg-v4-0192-sbom-vulnerability-reconciliation,skills/kfg-v4-0192-sbom-vulnerability-reconciliation/SKILL.md,8682b557f9d81857e3696514d16f7138095b83c534982d5974d78995bd0c7bce,9b57c768e9ecb4b578ce482c7ee2359fb6a277f325551da74a98751352beefc4,9b57c768e9ecb4b578ce482c7ee2359fb6a277f325551da74a98751352beefc4,9b57c768e9ecb4b578ce482c7ee2359fb6a277f325551da74a98751352beefc4,krom-instruction-raw-utf8-v1,LEGACY_UNPROVEN,KROM Forge v4.2 supplied manifest.json; retained without revalidation
kfg-v4-0193-build-to-sbom-attestation,skills/kfg-v4-0193-build-to-sbom-attestation/SKILL.md,2fca1e85b5042186b27dbaee997d702b96b17a01886bc735ac0bceb2a507afb8,23106bf249e8b79e64ce3a9c49fc3cf34b1ff5789aa439248bc6745e093d08c3,23106bf249e8b79e64ce3a9c49fc3cf34b1ff5789aa439248bc6745e093d08c3,23106bf249e8b79e64ce3a9c49fc3cf34b1ff5789aa439248bc6745e093d08c3,krom-instruction-raw-utf8-v1,LEGACY_UNPROVEN,KROM Forge v4.2 supplied manifest.json; retained without revalidation
kfg-v4-0194-sbom-diff-release-gate,skills/kfg-v4-0194-sbom-diff-release-gate/SKILL.md,59353afde7ba16144f7609465e59e99713441904b01bf4b0a8393000523e435a,8869dd24c8aec5ce9503547c0d4e09b8b9be1785049448ea6af91a2313b908ca,8869dd24c8aec5ce9503547c0d4e09b8b9be1785049448ea6af91a2313b908ca,8869dd24c8aec5ce9503547c0d4e09b8b9be1785049448ea6af91a2313b908ca,krom-instruction-raw-utf8-v1,LEGACY_UNPROVEN,KROM Forge v4.2 supplied manifest.json; retained without revalidation
kfg-v4-0195-unknown-component-quarantine,skills/kfg-v4-0195-unknown-component-quarantine/SKILL.md,71c40c3bb0e0a933907243aa35ee119a6be8b2a6336f91f7f206bdfe6bc744f3,83b464fdab6a635136cc3e9576dfd09e2724b97cdc00ff28811e93e4d04d793a,83b464fdab6a635136cc3e9576dfd09e2724b97cdc00ff28811e93e4d04d793a,83b464fdab6a635136cc3e9576dfd09e2724b97cdc00ff28811e93e4d04d793a,krom-instruction-raw-utf8-v1,LEGACY_UNPROVEN,KROM Forge v4.2 supplied manifest.json; retained without revalidation
kfg-v4-0196-container-base-image-hardening,skills/kfg-v4-0196-container-base-image-hardening/SKILL.md,e6b8b892e7ccd6f87f0e6432e2ffed85ba2e1b124a8187d485aee85474129c12,183a327f3dc38346a5c606c5ee2ceaa41632ef97a62aa13d5e645df9caa6effb,183a327f3dc38346a5c606c5ee2ceaa41632ef97a62aa13d5e645df9caa6effb,183a327f3dc38346a5c606c5ee2ceaa41632ef97a62aa13d5e645df9caa6effb,krom-instruction-raw-utf8-v1,LEGACY_UNPROVEN,KROM Forge v4.2 supplied manifest.json; retained without revalidation
kfg-v4-0197-image-layer-secret-scanner,skills/kfg-v4-0197-image-layer-secret-scanner/SKILL.md,11da66d9d7dddaa21413dd27a498bbc095ca1796a8276f527fb54ce745f91b6b,935b384f5d2924401a62b054710e657aaaa975d260c9e0adb5ca00b94db1aa10,935b384f5d2924401a62b054710e657aaaa975d260c9e0adb5ca00b94db1aa10,935b384f5d2924401a62b054710e657aaaa975d260c9e0adb5ca00b94db1aa10,krom-instruction-raw-utf8-v1,LEGACY_UNPROVEN,KROM Forge v4.2 supplied manifest.json; retained without revalidation
kfg-v4-0198-runtime-capability-minimizer,skills/kfg-v4-0198-runtime-capability-minimizer/SKILL.md,f77ea056b9e7f80bb9ae66b16760b9ecfc4eeb05bffeae7e2413b4a18f6c8e41,f97b20eddb93128b65ffbec446f65d46ac34dc698b3b95a2d58a07a9f0f3d798,f97b20eddb93128b65ffbec446f65d46ac34dc698b3b95a2d58a07a9f0f3d798,f97b20eddb93128b65ffbec446f65d46ac34dc698b3b95a2d58a07a9f0f3d798,krom-instruction-raw-utf8-v1,LEGACY_UNPROVEN,KROM Forge v4.2 supplied manifest.json; retained without revalidation
kfg-v4-0199-container-health-contract,skills/kfg-v4-0199-container-health-contract/SKILL.md,3c847d8a9d415eec1c40b79f31fd02fc35995e0572400f2dac8e663e13362eb2,924549d2e36165c8f0523426937080fa151ba7fa61cd223adf32523f7dfad1de,924549d2e36165c8f0523426937080fa151ba7fa61cd223adf32523f7dfad1de,924549d2e36165c8f0523426937080fa151ba7fa61cd223adf32523f7dfad1de,krom-instruction-raw-utf8-v1,LEGACY_UNPROVEN,KROM Forge v4.2 supplied manifest.json; retained without revalidation
kfg-v4-0200-registry-promotion-attestor,skills/kfg-v4-0200-registry-promotion-attestor/SKILL.md,bf862bbaffd63c988c3bcedca0683d1e776ae3e7c9d528c1036c36de1158fc14,9e7ccd7cbaf157b0208383cbb179a2ee05b463254b4e21671bb14425bc9104fe,9e7ccd7cbaf157b0208383cbb179a2ee05b463254b4e21671bb14425bc9104fe,9e7ccd7cbaf157b0208383cbb179a2ee05b463254b4e21671bb14425bc9104fe,krom-instruction-raw-utf8-v1,LEGACY_UNPROVEN,KROM Forge v4.2 supplied manifest.json; retained without revalidation
kfg-v4-0201-workload-identity-manifest,skills/kfg-v4-0201-workload-identity-manifest/SKILL.md,676aa43e9815e2b46ac55db1aa60fbb3e089f1ac58481edaf924f73f60e3d1ad,b48812105e24aba4d9b4e9e85ca4aa522ce46a4530f285f04e59a63e61aeeeb1,b48812105e24aba4d9b4e9e85ca4aa522ce46a4530f285f04e59a63e61aeeeb1,b48812105e24aba4d9b4e9e85ca4aa522ce46a4530f285f04e59a63e61aeeeb1,krom-instruction-raw-utf8-v1,LEGACY_UNPROVEN,KROM Forge v4.2 supplied manifest.json; retained without revalidation
kfg-v4-0202-pod-disruption-budget-review,skills/kfg-v4-0202-pod-disruption-budget-review/SKILL.md,cc26acfc5ef4fb7a6b458f35ea1700b8afab45eee1d0616ae83a812c628c7e76,94fd7cdd6c59d31c4c73cb3e48b8e9a7a4ff8270e8812875481a6c464b579b45,94fd7cdd6c59d31c4c73cb3e48b8e9a7a4ff8270e8812875481a6c464b579b45,94fd7cdd6c59d31c4c73cb3e48b8e9a7a4ff8270e8812875481a6c464b579b45,krom-instruction-raw-utf8-v1,LEGACY_UNPROVEN,KROM Forge v4.2 supplied manifest.json; retained without revalidation
kfg-v4-0203-network-policy-reachability,skills/kfg-v4-0203-network-policy-reachability/SKILL.md,4d672a63df4a8798162e133c3697296c1ecf2f0d0a54bad246401a499e0b3470,d02b7481707eaf8ac52eaf38d5914fcd3ee6d119e740008117e04bae5d49c091,d02b7481707eaf8ac52eaf38d5914fcd3ee6d119e740008117e04bae5d49c091,d02b7481707eaf8ac52eaf38d5914fcd3ee6d119e740008117e04bae5d49c091,krom-instruction-raw-utf8-v1,LEGACY_UNPROVEN,KROM Forge v4.2 supplied manifest.json; retained without revalidation
kfg-v4-0204-resource-request-calibrator,skills/kfg-v4-0204-resource-request-calibrator/SKILL.md,7d9d3b41e680e6007becf411bea1d7754aa6335a1940f3df44cb273c5f74e881,161932c4dd661ae3e96c817b5a9bcc9941128f8ab77028bbe5992085f132f6c1,161932c4dd661ae3e96c817b5a9bcc9941128f8ab77028bbe5992085f132f6c1,161932c4dd661ae3e96c817b5a9bcc9941128f8ab77028bbe5992085f132f6c1,krom-instruction-raw-utf8-v1,LEGACY_UNPROVEN,KROM Forge v4.2 supplied manifest.json; retained without revalidation
kfg-v4-0205-kubernetes-rollout-safety,skills/kfg-v4-0205-kubernetes-rollout-safety/SKILL.md,e143d8a2e672771ca4d2916d7311fc0c7df6ce64c05e72c7a7b5569db3ac3646,106e740b97c8eeb4ec36449b4e37691be63c366db247660e90efd7924c2ce5f2,106e740b97c8eeb4ec36449b4e37691be63c366db247660e90efd7924c2ce5f2,106e740b97c8eeb4ec36449b4e37691be63c366db247660e90efd7924c2ce5f2,krom-instruction-raw-utf8-v1,LEGACY_UNPROVEN,KROM Forge v4.2 supplied manifest.json; retained without revalidation
kfg-v4-0206-state-lock-contention-analyzer,skills/kfg-v4-0206-state-lock-contention-analyzer/SKILL.md,b40695e2581eab5edbe46a5bce1741c207122e36fb168b15784560cbf6c9df27,f7d7fd37a5fadc263feab21b5ba93211c99b80aaf5c26cebb56185bf8b2481ee,f7d7fd37a5fadc263feab21b5ba93211c99b80aaf5c26cebb56185bf8b2481ee,f7d7fd37a5fadc263feab21b5ba93211c99b80aaf5c26cebb56185bf8b2481ee,krom-instruction-raw-utf8-v1,LEGACY_UNPROVEN,KROM Forge v4.2 supplied manifest.json; retained without revalidation
kfg-v4-0207-module-interface-contract,skills/kfg-v4-0207-module-interface-contract/SKILL.md,0221aa0489b73ed40a2eb700779e7d4a64aa05916b5e446c086d792f9cc98c5d,284b7f75541499cb169c8ab273025ef059a672446288d08a6599734eb9bb966a,284b7f75541499cb169c8ab273025ef059a672446288d08a6599734eb9bb966a,284b7f75541499cb169c8ab273025ef059a672446288d08a6599734eb9bb966a,krom-instruction-raw-utf8-v1,LEGACY_UNPROVEN,KROM Forge v4.2 supplied manifest.json; retained without revalidation
kfg-v4-0208-plan-policy-evaluator,skills/kfg-v4-0208-plan-policy-evaluator/SKILL.md,b649bf6c24c7b5e285907769c9afba63a235ebf7deda7c9b05ea0d86aa0aaeee,0d12d11c7a01811a9c4841873a724fe486508544ed26903e7839057687743b31,0d12d11c7a01811a9c4841873a724fe486508544ed26903e7839057687743b31,0d12d11c7a01811a9c4841873a724fe486508544ed26903e7839057687743b31,krom-instruction-raw-utf8-v1,LEGACY_UNPROVEN,KROM Forge v4.2 supplied manifest.json; retained without revalidation
kfg-v4-0209-drift-remediation-safety,skills/kfg-v4-0209-drift-remediation-safety/SKILL.md,a5f92c86e71d1ba7cf33614b795a89e3c5696ee3a2d23f50c22e435f0c976c19,7ee37c4b869501368dfaef1a609a083938ff1055799473d58f2dc5658cb9eff5,7ee37c4b869501368dfaef1a609a083938ff1055799473d58f2dc5658cb9eff5,7ee37c4b869501368dfaef1a609a083938ff1055799473d58f2dc5658cb9eff5,krom-instruction-raw-utf8-v1,LEGACY_UNPROVEN,KROM Forge v4.2 supplied manifest.json; retained without revalidation
kfg-v4-0210-provider-version-upgrade-map,skills/kfg-v4-0210-provider-version-upgrade-map/SKILL.md,99fe54a6c689debd8da9f252b6804fe25c5fb6398c5c495b55311d2d5a867d38,7aea69612bcd3bc8f24648f1fe40d7886c58a1c47840b63d03c600ebebd28adc,7aea69612bcd3bc8f24648f1fe40d7886c58a1c47840b63d03c600ebebd28adc,7aea69612bcd3bc8f24648f1fe40d7886c58a1c47840b63d03c600ebebd28adc,krom-instruction-raw-utf8-v1,LEGACY_UNPROVEN,KROM Forge v4.2 supplied manifest.json; retained without revalidation
kfg-v4-0211-function-concurrency-budgeter,skills/kfg-v4-0211-function-concurrency-budgeter/SKILL.md,614df1474db088eaae734d4029668cc0a840911c8d473c32779d0e4bf6c793e4,0f81cb7151ec255c52ca19818c9585c50ae7b19c6090538dbb8c9bab6aeb69cb,0f81cb7151ec255c52ca19818c9585c50ae7b19c6090538dbb8c9bab6aeb69cb,0f81cb7151ec255c52ca19818c9585c50ae7b19c6090538dbb8c9bab6aeb69cb,krom-instruction-raw-utf8-v1,LEGACY_UNPROVEN,KROM Forge v4.2 supplied manifest.json; retained without revalidation
kfg-v4-0212-event-source-mapping-auditor,skills/kfg-v4-0212-event-source-mapping-auditor/SKILL.md,35d671db6eb326fead0865280529dcde298b09302a4da3d917182d3c9f43d278,d6e6c4eab730533c50c7bb0d6f82aeddff8700a443d75dbb1729dc67f1137a54,d6e6c4eab730533c50c7bb0d6f82aeddff8700a443d75dbb1729dc67f1137a54,d6e6c4eab730533c50c7bb0d6f82aeddff8700a443d75dbb1729dc67f1137a54,krom-instruction-raw-utf8-v1,LEGACY_UNPROVEN,KROM Forge v4.2 supplied manifest.json; retained without revalidation
kfg-v4-0213-serverless-timeout-chain,skills/kfg-v4-0213-serverless-timeout-chain/SKILL.md,7d0511faa6d23471959f788aefca6ccd43d87294cc21ef971e6875a2d6edc2df,263bff0b82af039e7b312a5c0c324cbc6454589b032876632916c505f3bf08b1,263bff0b82af039e7b312a5c0c324cbc6454589b032876632916c505f3bf08b1,263bff0b82af039e7b312a5c0c324cbc6454589b032876632916c505f3bf08b1,krom-instruction-raw-utf8-v1,LEGACY_UNPROVEN,KROM Forge v4.2 supplied manifest.json; retained without revalidation
kfg-v4-0214-ephemeral-storage-risk-checker,skills/kfg-v4-0214-ephemeral-storage-risk-checker/SKILL.md,2a9fb4531aacde0279061f9428e1a915fc03c3e48a9929f20a2e4e6968adc70b,c9dc204347445f97a590ba4dc324e2eb48b668d65ae2764d1a659d7433c08a9a,c9dc204347445f97a590ba4dc324e2eb48b668d65ae2764d1a659d7433c08a9a,c9dc204347445f97a590ba4dc324e2eb48b668d65ae2764d1a659d7433c08a9a,krom-instruction-raw-utf8-v1,LEGACY_UNPROVEN,KROM Forge v4.2 supplied manifest.json; retained without revalidation
kfg-v4-0215-function-observability-contract,skills/kfg-v4-0215-function-observability-contract/SKILL.md,fefcf128fb1148077b38edc9f59068fa69b6f1ef9d7983979592168db3ad28eb,05ff889076dcc40de63076d4805088657d982b9fcc010dc3a10420568413fe84,05ff889076dcc40de63076d4805088657d982b9fcc010dc3a10420568413fe84,05ff889076dcc40de63076d4805088657d982b9fcc010dc3a10420568413fe84,krom-instruction-raw-utf8-v1,LEGACY_UNPROVEN,KROM Forge v4.2 supplied manifest.json; retained without revalidation
kfg-v4-0216-edge-cache-consistency,skills/kfg-v4-0216-edge-cache-consistency/SKILL.md,609cea64662184980276732bc972ad6607b6eab1f332ed4a2770764cd4bfae1c,cab3cd61074a652edc8a6ae4cc7a34c2538aecd2e9c6c6efccca9c8de23d3a83,cab3cd61074a652edc8a6ae4cc7a34c2538aecd2e9c6c6efccca9c8de23d3a83,cab3cd61074a652edc8a6ae4cc7a34c2538aecd2e9c6c6efccca9c8de23d3a83,krom-instruction-raw-utf8-v1,LEGACY_UNPROVEN,KROM Forge v4.2 supplied manifest.json; retained without revalidation
kfg-v4-0217-edge-region-failover-planner,skills/kfg-v4-0217-edge-region-failover-planner/SKILL.md,3f539218638c0a66a1835fcdb7b4293469f4de51a239de9890c85863dc0843e8,849aacc60d789c92fe81f0edb8d210956710f9d50b80b7077b0c45640620285c,849aacc60d789c92fe81f0edb8d210956710f9d50b80b7077b0c45640620285c,849aacc60d789c92fe81f0edb8d210956710f9d50b80b7077b0c45640620285c,krom-instruction-raw-utf8-v1,LEGACY_UNPROVEN,KROM Forge v4.2 supplied manifest.json; retained without revalidation
kfg-v4-0218-wasm-runtime-compatibility,skills/kfg-v4-0218-wasm-runtime-compatibility/SKILL.md,c770e2f8e85c141754c84fdd64255dd3e9754fd001b9b295a4681f5be5593503,f33be54f5f4405b84df807182fe2e6816020ecbef89c40d90b7aa1d6c393bad2,f33be54f5f4405b84df807182fe2e6816020ecbef89c40d90b7aa1d6c393bad2,f33be54f5f4405b84df807182fe2e6816020ecbef89c40d90b7aa1d6c393bad2,krom-instruction-raw-utf8-v1,LEGACY_UNPROVEN,KROM Forge v4.2 supplied manifest.json; retained without revalidation
kfg-v4-0219-edge-data-residency-auditor,skills/kfg-v4-0219-edge-data-residency-auditor/SKILL.md,86f7534ca4f9cfe74505e3c6f82724e5a809934eed5777b42cfa9f682ec14248,d927eb401426bfc29c75eb545834e987453aed808cbe6f3bb9d35767b728afaf,d927eb401426bfc29c75eb545834e987453aed808cbe6f3bb9d35767b728afaf,d927eb401426bfc29c75eb545834e987453aed808cbe6f3bb9d35767b728afaf,krom-instruction-raw-utf8-v1,LEGACY_UNPROVEN,KROM Forge v4.2 supplied manifest.json; retained without revalidation
kfg-v4-0220-edge-origin-protection,skills/kfg-v4-0220-edge-origin-protection/SKILL.md,93eb56742892bb036dcee0495e56334232f78fe2bbe503283f1ee90327669226,c94d734e343545a237d1b5ea55e2d95ab8318736adba7b73e4e1d4c5e2fbf08f,c94d734e343545a237d1b5ea55e2d95ab8318736adba7b73e4e1d4c5e2fbf08f,c94d734e343545a237d1b5ea55e2d95ab8318736adba7b73e4e1d4c5e2fbf08f,krom-instruction-raw-utf8-v1,LEGACY_UNPROVEN,KROM Forge v4.2 supplied manifest.json; retained without revalidation
kfg-v4-0221-presence-state-reconciliation,skills/kfg-v4-0221-presence-state-reconciliation/SKILL.md,d6d64f9728d82ef1233e35e9321cb36d3c270c0fccd96b6b2daca041629a6eb1,fd94796edce2bf85919708cbc011650bb4f14cff0e6fbb5704cf3f39dfaee650,fd94796edce2bf85919708cbc011650bb4f14cff0e6fbb5704cf3f39dfaee650,fd94796edce2bf85919708cbc011650bb4f14cff0e6fbb5704cf3f39dfaee650,krom-instruction-raw-utf8-v1,LEGACY_UNPROVEN,KROM Forge v4.2 supplied manifest.json; retained without revalidation
kfg-v4-0222-websocket-backpressure-policy,skills/kfg-v4-0222-websocket-backpressure-policy/SKILL.md,898269e481e55681181a53128d024297346b33afda8ee4d1c460230661a04598,9f9aedd9a56d2370173bb7690a5cbbf92d1f59cbe930259de9da0ef78f27e664,9f9aedd9a56d2370173bb7690a5cbbf92d1f59cbe930259de9da0ef78f27e664,9f9aedd9a56d2370173bb7690a5cbbf92d1f59cbe930259de9da0ef78f27e664,krom-instruction-raw-utf8-v1,LEGACY_UNPROVEN,KROM Forge v4.2 supplied manifest.json; retained without revalidation
kfg-v4-0223-connection-resume-protocol,skills/kfg-v4-0223-connection-resume-protocol/SKILL.md,7cd336d08283c3c11418bf6eed42982b2c59921793c842503f9ce51e4c280a23,32803ac5a8ad8405984f194928ef40df5b8fc39063c5395acb0c605b625a89d6,32803ac5a8ad8405984f194928ef40df5b8fc39063c5395acb0c605b625a89d6,32803ac5a8ad8405984f194928ef40df5b8fc39063c5395acb0c605b625a89d6,krom-instruction-raw-utf8-v1,LEGACY_UNPROVEN,KROM Forge v4.2 supplied manifest.json; retained without revalidation
kfg-v4-0224-realtime-authorization-recheck,skills/kfg-v4-0224-realtime-authorization-recheck/SKILL.md,9b0514186b4a4dd8fbdec4afff4cc79f7f7138a5902afcbbaf490dc26f67c803,80acd888a289496f52e0650eb2a0a8ada21b947c715f4396bb48f3c666058ef4,80acd888a289496f52e0650eb2a0a8ada21b947c715f4396bb48f3c666058ef4,80acd888a289496f52e0650eb2a0a8ada21b947c715f4396bb48f3c666058ef4,krom-instruction-raw-utf8-v1,LEGACY_UNPROVEN,KROM Forge v4.2 supplied manifest.json; retained without revalidation
kfg-v4-0225-fanout-cost-estimator,skills/kfg-v4-0225-fanout-cost-estimator/SKILL.md,36275d5be3ec52a504dbdcd8c0823dc6400513ed70778882b91097ec4367ceb1,846580b6c9ae8f2acd4f7d14ba4d9763d06239336fdf4deff2b23c495b1b59f5,846580b6c9ae8f2acd4f7d14ba4d9763d06239336fdf4deff2b23c495b1b59f5,846580b6c9ae8f2acd4f7d14ba4d9763d06239336fdf4deff2b23c495b1b59f5,krom-instruction-raw-utf8-v1,LEGACY_UNPROVEN,KROM Forge v4.2 supplied manifest.json; retained without revalidation
kfg-v4-0226-relevance-evaluation-dataset,skills/kfg-v4-0226-relevance-evaluation-dataset/SKILL.md,703fd77a3136f2b655ef3017df41cbdf0020e66b4c7999e17068b1bfe7a9c4e2,2f5365588848bd61c5741873aa07c2849bd11e61c49fb5f6f0919c99446622c9,2f5365588848bd61c5741873aa07c2849bd11e61c49fb5f6f0919c99446622c9,2f5365588848bd61c5741873aa07c2849bd11e61c49fb5f6f0919c99446622c9,krom-instruction-raw-utf8-v1,LEGACY_UNPROVEN,KROM Forge v4.2 supplied manifest.json; retained without revalidation
kfg-v4-0227-search-zero-result-investigator,skills/kfg-v4-0227-search-zero-result-investigator/SKILL.md,ee9039a30d15f7a7b420a04d03b1065fcd55c22a799f88670a796dc338f2d662,5433b784fea56a719dc9a7492cb71c95b96ededed77603ae7cdfa089ced5a76a,5433b784fea56a719dc9a7492cb71c95b96ededed77603ae7cdfa089ced5a76a,5433b784fea56a719dc9a7492cb71c95b96ededed77603ae7cdfa089ced5a76a,krom-instruction-raw-utf8-v1,LEGACY_UNPROVEN,KROM Forge v4.2 supplied manifest.json; retained without revalidation
kfg-v4-0228-query-intent-routing,skills/kfg-v4-0228-query-intent-routing/SKILL.md,55fa63e75ac00eef3808e19374a1688dd9bb715e8360ea917db6a4f2b7835e13,a15635330c48b0d81554febdbd0c798f178ba0f1418007e6e076463da6751e7c,a15635330c48b0d81554febdbd0c798f178ba0f1418007e6e076463da6751e7c,a15635330c48b0d81554febdbd0c798f178ba0f1418007e6e076463da6751e7c,krom-instruction-raw-utf8-v1,LEGACY_UNPROVEN,KROM Forge v4.2 supplied manifest.json; retained without revalidation
kfg-v4-0229-index-alias-cutover-planner,skills/kfg-v4-0229-index-alias-cutover-planner/SKILL.md,eb555c2d45dc8fb29bc3a5781ecc01ad0d81a227f0e7faeb40de280513f0c434,e3c119d41cd53dbeed508803f015c50b2cbc4e82b817996cd38e98bc2a7fd738,e3c119d41cd53dbeed508803f015c50b2cbc4e82b817996cd38e98bc2a7fd738,e3c119d41cd53dbeed508803f015c50b2cbc4e82b817996cd38e98bc2a7fd738,krom-instruction-raw-utf8-v1,LEGACY_UNPROVEN,KROM Forge v4.2 supplied manifest.json; retained without revalidation
kfg-v4-0230-search-privacy-filter,skills/kfg-v4-0230-search-privacy-filter/SKILL.md,bd89abd54f184ff4a72dbb51660cc357529a94d084c5eae30b5ab244a8fccde6,1ac9b88e096c1787ad7f06f8a5e06c001d7f043033d6e2f735125fdf35a51c01,1ac9b88e096c1787ad7f06f8a5e06c001d7f043033d6e2f735125fdf35a51c01,1ac9b88e096c1787ad7f06f8a5e06c001d7f043033d6e2f735125fdf35a51c01,krom-instruction-raw-utf8-v1,LEGACY_UNPROVEN,KROM Forge v4.2 supplied manifest.json; retained without revalidation
kfg-v4-0231-shard-allocation-risk,skills/kfg-v4-0231-shard-allocation-risk/SKILL.md,f9f4ce694b5a7c450081c2681f6d1e6da89302d2d7f7317fa80b4d7daa83a553,a3aa2e7cef6dec1ddee02aa3541c15790b3fafbb1f1a76a4cf37a43109d4fd4e,a3aa2e7cef6dec1ddee02aa3541c15790b3fafbb1f1a76a4cf37a43109d4fd4e,a3aa2e7cef6dec1ddee02aa3541c15790b3fafbb1f1a76a4cf37a43109d4fd4e,krom-instruction-raw-utf8-v1,LEGACY_UNPROVEN,KROM Forge v4.2 supplied manifest.json; retained without revalidation
kfg-v4-0232-segment-merge-capacity,skills/kfg-v4-0232-segment-merge-capacity/SKILL.md,88f85ec9a77c6cd793b5a823d2037336b31b8eca5af60077a629283eee8d9a61,bbce94df924b1a12117dade50d40ca8f8501cdb468287ae448926b8572eb4bfc,bbce94df924b1a12117dade50d40ca8f8501cdb468287ae448926b8572eb4bfc,bbce94df924b1a12117dade50d40ca8f8501cdb468287ae448926b8572eb4bfc,krom-instruction-raw-utf8-v1,LEGACY_UNPROVEN,KROM Forge v4.2 supplied manifest.json; retained without revalidation
kfg-v4-0233-mapping-evolution-guard,skills/kfg-v4-0233-mapping-evolution-guard/SKILL.md,320c2d922ad41e6a66223c15853e58a21bc82570a4ea5143abcd25476f48d47f,605494db1a93d5bda8b9e18f830cd30101a73a90cde43042a07b2038b72bd3a0,605494db1a93d5bda8b9e18f830cd30101a73a90cde43042a07b2038b72bd3a0,605494db1a93d5bda8b9e18f830cd30101a73a90cde43042a07b2038b72bd3a0,krom-instruction-raw-utf8-v1,LEGACY_UNPROVEN,KROM Forge v4.2 supplied manifest.json; retained without revalidation
kfg-v4-0234-snapshot-restore-drill,skills/kfg-v4-0234-snapshot-restore-drill/SKILL.md,dca4bf14edbcfb5bf16d311999d696ddc82bd9511da3d96c495ea69204f7cb3e,84357df2858e5c09be97d337e0432e553541f730162298f53589660c0d80f244,84357df2858e5c09be97d337e0432e553541f730162298f53589660c0d80f244,84357df2858e5c09be97d337e0432e553541f730162298f53589660c0d80f244,krom-instruction-raw-utf8-v1,LEGACY_UNPROVEN,KROM Forge v4.2 supplied manifest.json; retained without revalidation
kfg-v4-0235-analyzer-regression-suite,skills/kfg-v4-0235-analyzer-regression-suite/SKILL.md,bdd33d7b00567b82a8adc107d648a80e1e47e90a2a203552c09534a966776757,0d1fc70a7eb435e7c36c3f5ef4531b54f9d47a0450efafa1004e5cbccf8ed140,0d1fc70a7eb435e7c36c3f5ef4531b54f9d47a0450efafa1004e5cbccf8ed140,0d1fc70a7eb435e7c36c3f5ef4531b54f9d47a0450efafa1004e5cbccf8ed140,krom-instruction-raw-utf8-v1,LEGACY_UNPROVEN,KROM Forge v4.2 supplied manifest.json; retained without revalidation
kfg-v4-0236-data-contract-versioning,skills/kfg-v4-0236-data-contract-versioning/SKILL.md,5a794bbc69a9030c96ccea93c4954ab02f4053b6b71a91cad9487f96d88499c5,e9ad720aa09d2c3bfbd7e3d3d36a18c0f4839a4266b8b03d58e10a3457e291c7,e9ad720aa09d2c3bfbd7e3d3d36a18c0f4839a4266b8b03d58e10a3457e291c7,e9ad720aa09d2c3bfbd7e3d3d36a18c0f4839a4266b8b03d58e10a3457e291c7,krom-instruction-raw-utf8-v1,LEGACY_UNPROVEN,KROM Forge v4.2 supplied manifest.json; retained without revalidation
kfg-v4-0237-pipeline-lineage-reconstruction,skills/kfg-v4-0237-pipeline-lineage-reconstruction/SKILL.md,64146da6ef01d2ead9828b57cfeb0c078dc0dd92cbc6f6b196ef4fb41ea9c046,db80c77278f1fe325fbaa7b1c697209e147727a7c6160b784bae836dc1536a7c,db80c77278f1fe325fbaa7b1c697209e147727a7c6160b784bae836dc1536a7c,db80c77278f1fe325fbaa7b1c697209e147727a7c6160b784bae836dc1536a7c,krom-instruction-raw-utf8-v1,LEGACY_UNPROVEN,KROM Forge v4.2 supplied manifest.json; retained without revalidation
kfg-v4-0238-late-data-watermark-policy,skills/kfg-v4-0238-late-data-watermark-policy/SKILL.md,2b409ca9dcd7f6dc4c0f5247d2f4389780dd5bfa0e526fff66b15f1861ff5a72,d7d18e913857b6091a18b7a79891ec13a2fb3e5f4fa6fe02d17dd93387812146,d7d18e913857b6091a18b7a79891ec13a2fb3e5f4fa6fe02d17dd93387812146,d7d18e913857b6091a18b7a79891ec13a2fb3e5f4fa6fe02d17dd93387812146,krom-instruction-raw-utf8-v1,LEGACY_UNPROVEN,KROM Forge v4.2 supplied manifest.json; retained without revalidation
kfg-v4-0239-data-product-slo,skills/kfg-v4-0239-data-product-slo/SKILL.md,9e58a7ada5e18ee8fd5728c35ab62cb9fcba4147a367012719247cade2d6e390,0434b75adde1e7b85e390d872353a7164656b933e4829c3d20eb8a24c67761ca,0434b75adde1e7b85e390d872353a7164656b933e4829c3d20eb8a24c67761ca,0434b75adde1e7b85e390d872353a7164656b933e4829c3d20eb8a24c67761ca,krom-instruction-raw-utf8-v1,LEGACY_UNPROVEN,KROM Forge v4.2 supplied manifest.json; retained without revalidation
kfg-v4-0240-schema-on-read-boundary,skills/kfg-v4-0240-schema-on-read-boundary/SKILL.md,4f83960ca4ff90cbe2051664748acd865cc27c84373457ab674120eda9ec1c22,008b3d217381a7061b49a61bb15deea524d43835552760e18a0f745a1d1c1f80,008b3d217381a7061b49a61bb15deea524d43835552760e18a0f745a1d1c1f80,008b3d217381a7061b49a61bb15deea524d43835552760e18a0f745a1d1c1f80,krom-instruction-raw-utf8-v1,LEGACY_UNPROVEN,KROM Forge v4.2 supplied manifest.json; retained without revalidation
kfg-v4-0241-incremental-extract-watermark,skills/kfg-v4-0241-incremental-extract-watermark/SKILL.md,9823c8c14871d3bd91ee7dd0bfcaa8142854236d884c2100f740d233fb8ebcb0,6cc22538b85f0357adae5ca154779bc0ff45b4d13dba9eda8df8874ae0bd231b,6cc22538b85f0357adae5ca154779bc0ff45b4d13dba9eda8df8874ae0bd231b,6cc22538b85f0357adae5ca154779bc0ff45b4d13dba9eda8df8874ae0bd231b,krom-instruction-raw-utf8-v1,LEGACY_UNPROVEN,KROM Forge v4.2 supplied manifest.json; retained without revalidation
kfg-v4-0242-idempotent-load-reconciler,skills/kfg-v4-0242-idempotent-load-reconciler/SKILL.md,1756fde4466762a834488237dca6932e06477c385f50205fd1fd7420ad6d5e6b,d0a4ba1288ca3a3f5a39ee7fa611a3363b69332aa1bd1d4505ef8c3a3c8175c6,d0a4ba1288ca3a3f5a39ee7fa611a3363b69332aa1bd1d4505ef8c3a3c8175c6,d0a4ba1288ca3a3f5a39ee7fa611a3363b69332aa1bd1d4505ef8c3a3c8175c6,krom-instruction-raw-utf8-v1,LEGACY_UNPROVEN,KROM Forge v4.2 supplied manifest.json; retained without revalidation
kfg-v4-0243-pii-transformation-auditor,skills/kfg-v4-0243-pii-transformation-auditor/SKILL.md,8bf809220f1e2874ebfc72ce12e85dc8f68dabcc897bfb2b9c0be17dfd40397d,2962e74923766e066012f36480882dee06e0cc7271ccf190463c8228f13026ed,2962e74923766e066012f36480882dee06e0cc7271ccf190463c8228f13026ed,2962e74923766e066012f36480882dee06e0cc7271ccf190463c8228f13026ed,krom-instruction-raw-utf8-v1,LEGACY_UNPROVEN,KROM Forge v4.2 supplied manifest.json; retained without revalidation
kfg-v4-0244-etl-replay-safety,skills/kfg-v4-0244-etl-replay-safety/SKILL.md,3df5e9487cc84d3eaa2cb5575b5899cb0b64186640343de9029ea5ff24a56478,3e8c726efc060e250ad5e8fc84325deff5636132fad643ec77367d2d0f41fdbb,3e8c726efc060e250ad5e8fc84325deff5636132fad643ec77367d2d0f41fdbb,3e8c726efc060e250ad5e8fc84325deff5636132fad643ec77367d2d0f41fdbb,krom-instruction-raw-utf8-v1,LEGACY_UNPROVEN,KROM Forge v4.2 supplied manifest.json; retained without revalidation
kfg-v4-0245-source-to-target-control-total,skills/kfg-v4-0245-source-to-target-control-total/SKILL.md,3d20e757434c751be97d1ba6af9a926cee7a7c24f5364ee08f7d24eb0f6f23e3,39df0c7e3eb40346b292f9ca0867e451721b97e1122b70c259126c000a303b06,39df0c7e3eb40346b292f9ca0867e451721b97e1122b70c259126c000a303b06,39df0c7e3eb40346b292f9ca0867e451721b97e1122b70c259126c000a303b06,krom-instruction-raw-utf8-v1,LEGACY_UNPROVEN,KROM Forge v4.2 supplied manifest.json; retained without revalidation
kfg-v4-0246-data-quality-rule-catalog,skills/kfg-v4-0246-data-quality-rule-catalog/SKILL.md,2ff1d4869bb62e313957a0d65cdc26cf59df0a9011b0549f3587bcf1d6be6331,a22a38d956469d4089d4c1419a57036473d65356db372513bc5504428603763d,a22a38d956469d4089d4c1419a57036473d65356db372513bc5504428603763d,a22a38d956469d4089d4c1419a57036473d65356db372513bc5504428603763d,krom-instruction-raw-utf8-v1,LEGACY_UNPROVEN,KROM Forge v4.2 supplied manifest.json; retained without revalidation
kfg-v4-0247-anomaly-threshold-calibrator,skills/kfg-v4-0247-anomaly-threshold-calibrator/SKILL.md,ce90db77658abf9189af33eb111b7444ff73d9191bc09a2b8d326bd22aae291b,085131ea6850a4d066e0dc304084f63a5972e75c6dc6c496900f79f95214aaa0,085131ea6850a4d066e0dc304084f63a5972e75c6dc6c496900f79f95214aaa0,085131ea6850a4d066e0dc304084f63a5972e75c6dc6c496900f79f95214aaa0,krom-instruction-raw-utf8-v1,LEGACY_UNPROVEN,KROM Forge v4.2 supplied manifest.json; retained without revalidation
kfg-v4-0248-duplicate-entity-resolution,skills/kfg-v4-0248-duplicate-entity-resolution/SKILL.md,2a04259f0998cf090b9b36d35add59fd959e2b53a49d970263284253a29b083e,bcecfd7d2867d965d5199267605dea071217aebd2cc987cc2526a7cbf385b52b,bcecfd7d2867d965d5199267605dea071217aebd2cc987cc2526a7cbf385b52b,bcecfd7d2867d965d5199267605dea071217aebd2cc987cc2526a7cbf385b52b,krom-instruction-raw-utf8-v1,LEGACY_UNPROVEN,KROM Forge v4.2 supplied manifest.json; retained without revalidation
kfg-v4-0249-nullability-drift-detector,skills/kfg-v4-0249-nullability-drift-detector/SKILL.md,9d797df4e76f0d0505409cf56d5113e2947dcf7579656277f7c470eedef1a53e,173235b4a0e009950ebc8838470b972001f3e134258de5b5bd47ac375c0c5b1a,173235b4a0e009950ebc8838470b972001f3e134258de5b5bd47ac375c0c5b1a,173235b4a0e009950ebc8838470b972001f3e134258de5b5bd47ac375c0c5b1a,krom-instruction-raw-utf8-v1,LEGACY_UNPROVEN,KROM Forge v4.2 supplied manifest.json; retained without revalidation
kfg-v4-0250-quality-incident-routing,skills/kfg-v4-0250-quality-incident-routing/SKILL.md,50d6fb7d635c405e83df0bd21a0ed17b93c07eddabbd93a30a0954b3a65264c4,9462b3e0638cfd8477d1291fec9fe1563d0056f8725bfe17233d298ad8753492,9462b3e0638cfd8477d1291fec9fe1563d0056f8725bfe17233d298ad8753492,9462b3e0638cfd8477d1291fec9fe1563d0056f8725bfe17233d298ad8753492,krom-instruction-raw-utf8-v1,LEGACY_UNPROVEN,KROM Forge v4.2 supplied manifest.json; retained without revalidation
kfg-v4-0251-metric-semantic-layer,skills/kfg-v4-0251-metric-semantic-layer/SKILL.md,45a6265c217df5f5a4902129c197b20b42c024534f339dbcb148752b6a2736cf,c3360b901bbb5001f9ddd753fa06471562021e8f4fb8564d051c8dcbc3611748,c3360b901bbb5001f9ddd753fa06471562021e8f4fb8564d051c8dcbc3611748,c3360b901bbb5001f9ddd753fa06471562021e8f4fb8564d051c8dcbc3611748,krom-instruction-raw-utf8-v1,LEGACY_UNPROVEN,KROM Forge v4.2 supplied manifest.json; retained without revalidation
kfg-v4-0252-cohort-definition-reconciler,skills/kfg-v4-0252-cohort-definition-reconciler/SKILL.md,6c28aabcddaa095128579273202d4e6b53e32183936246c05a022cb83f499dd0,83cbb0adde9bee6ed21b22ffc5a60f5a541ca336c59a7c495add78be40cab737,83cbb0adde9bee6ed21b22ffc5a60f5a541ca336c59a7c495add78be40cab737,83cbb0adde9bee6ed21b22ffc5a60f5a541ca336c59a7c495add78be40cab737,krom-instruction-raw-utf8-v1,LEGACY_UNPROVEN,KROM Forge v4.2 supplied manifest.json; retained without revalidation
kfg-v4-0253-dashboard-trust-auditor,skills/kfg-v4-0253-dashboard-trust-auditor/SKILL.md,4807a073bf42558ba7ae98c5d32db5f1576febd87fbcc32e8aa32b26b2210a16,275a04e13d155367dd05ae277c3d2239f3cd782ba7adf196749c4a0eed17c66c,275a04e13d155367dd05ae277c3d2239f3cd782ba7adf196749c4a0eed17c66c,275a04e13d155367dd05ae277c3d2239f3cd782ba7adf196749c4a0eed17c66c,krom-instruction-raw-utf8-v1,LEGACY_UNPROVEN,KROM Forge v4.2 supplied manifest.json; retained without revalidation
kfg-v4-0254-metric-reconciliation-pack,skills/kfg-v4-0254-metric-reconciliation-pack/SKILL.md,24b852cbe84685993e27d71a28d6207e7fd69ccca57e5dbeac82d6b20920f63e,6cc906c8f55239f243303ec33260faf327a7bab59aeeb521f5735ffd1572fed9,6cc906c8f55239f243303ec33260faf327a7bab59aeeb521f5735ffd1572fed9,6cc906c8f55239f243303ec33260faf327a7bab59aeeb521f5735ffd1572fed9,krom-instruction-raw-utf8-v1,LEGACY_UNPROVEN,KROM Forge v4.2 supplied manifest.json; retained without revalidation
kfg-v4-0255-analytics-access-segmentation,skills/kfg-v4-0255-analytics-access-segmentation/SKILL.md,31bb246ba3b6e4892be30d0595015425ebd5fb7e8ccd80a36b7ada33ece26487,ac2b567cd4373bbb1eed7abab71609568cf3d0a33e9209fa7235d4de0350c08c,ac2b567cd4373bbb1eed7abab71609568cf3d0a33e9209fa7235d4de0350c08c,ac2b567cd4373bbb1eed7abab71609568cf3d0a33e9209fa7235d4de0350c08c,krom-instruction-raw-utf8-v1,LEGACY_UNPROVEN,KROM Forge v4.2 supplied manifest.json; retained without revalidation
kfg-v4-0256-executive-kpi-lineage,skills/kfg-v4-0256-executive-kpi-lineage/SKILL.md,f181a18799edb552d96ce1c6b480cca35a25118455c83de203afbbd163e63e5e,0ba13b487e64df92e2cfe6175cd863e21f58eaf545c7ee386f34ab71e21d8a71,0ba13b487e64df92e2cfe6175cd863e21f58eaf545c7ee386f34ab71e21d8a71,0ba13b487e64df92e2cfe6175cd863e21f58eaf545c7ee386f34ab71e21d8a71,krom-instruction-raw-utf8-v1,LEGACY_UNPROVEN,KROM Forge v4.2 supplied manifest.json; retained without revalidation
kfg-v4-0257-self-service-bi-governance,skills/kfg-v4-0257-self-service-bi-governance/SKILL.md,f969bacdc18f8f8538c3514875f3fece162233ae01f685ede4f7dd815f52cc32,98ed5bd742739d273875780d489d83a4f8c38bd61df8a6696971104d6f4703f9,98ed5bd742739d273875780d489d83a4f8c38bd61df8a6696971104d6f4703f9,98ed5bd742739d273875780d489d83a4f8c38bd61df8a6696971104d6f4703f9,krom-instruction-raw-utf8-v1,LEGACY_UNPROVEN,KROM Forge v4.2 supplied manifest.json; retained without revalidation
kfg-v4-0258-report-refresh-failure,skills/kfg-v4-0258-report-refresh-failure/SKILL.md,0a6a6244fdb70ce08fd317bebebfc0305aaf61886e73c1e92c7991f5848129be,c8709f6eaa0bbf77e9cbcc07fd53b501c9fe2e488f20ef4be741dcecf27bec29,c8709f6eaa0bbf77e9cbcc07fd53b501c9fe2e488f20ef4be741dcecf27bec29,c8709f6eaa0bbf77e9cbcc07fd53b501c9fe2e488f20ef4be741dcecf27bec29,krom-instruction-raw-utf8-v1,LEGACY_UNPROVEN,KROM Forge v4.2 supplied manifest.json; retained without revalidation
kfg-v4-0259-semantic-model-change-impact,skills/kfg-v4-0259-semantic-model-change-impact/SKILL.md,bceb20750c9b80f209f550f28693a8fd90fde1cb6f1f45dc26d5791dfcf9d652,d0aaab8e689b41db238bcd5fc82afca453b3f4c7b13aa679eb350369b708d64e,d0aaab8e689b41db238bcd5fc82afca453b3f4c7b13aa679eb350369b708d64e,d0aaab8e689b41db238bcd5fc82afca453b3f4c7b13aa679eb350369b708d64e,krom-instruction-raw-utf8-v1,LEGACY_UNPROVEN,KROM Forge v4.2 supplied manifest.json; retained without revalidation
kfg-v4-0260-decision-log-dashboard-linker,skills/kfg-v4-0260-decision-log-dashboard-linker/SKILL.md,6f4576145c17fc5b93a2a60818ed6fdbc38b134142014da7405646157ebb5e83,ed45285d461fcde6c134a508b585119f3336223abc02a0fe8dbe22c68fdbbf23,ed45285d461fcde6c134a508b585119f3336223abc02a0fe8dbe22c68fdbbf23,ed45285d461fcde6c134a508b585119f3336223abc02a0fe8dbe22c68fdbbf23,krom-instruction-raw-utf8-v1,LEGACY_UNPROVEN,KROM Forge v4.2 supplied manifest.json; retained without revalidation
kfg-v4-0261-model-serving-readiness,skills/kfg-v4-0261-model-serving-readiness/SKILL.md,e2e60a3bdac1e306df573e5d79071e8b5e38f3b8a3e00d57e4f4ba7a03bdbe85,250e0a7144233bfb1fe0f144961db51ae3c06f1142c12a31679253c7ddad7f0a,250e0a7144233bfb1fe0f144961db51ae3c06f1142c12a31679253c7ddad7f0a,250e0a7144233bfb1fe0f144961db51ae3c06f1142c12a31679253c7ddad7f0a,krom-instruction-raw-utf8-v1,LEGACY_UNPROVEN,KROM Forge v4.2 supplied manifest.json; retained without revalidation
kfg-v4-0262-feature-store-freshness,skills/kfg-v4-0262-feature-store-freshness/SKILL.md,554113fa02bebee21396ce1cff255d8c97bd9fbdf7443d9e77a7e05f62b94bce,67cb84b72d645c3055deded76851bb8040061cbc291566522b77b46afeded59a,67cb84b72d645c3055deded76851bb8040061cbc291566522b77b46afeded59a,67cb84b72d645c3055deded76851bb8040061cbc291566522b77b46afeded59a,krom-instruction-raw-utf8-v1,LEGACY_UNPROVEN,KROM Forge v4.2 supplied manifest.json; retained without revalidation
kfg-v4-0263-training-data-provenance,skills/kfg-v4-0263-training-data-provenance/SKILL.md,c87892a39a59f0dc72ce39593bd51069f92f2b28c3beaa11bdcca4e03a3696a9,e548864ad47c68864a2542c50290a4242b6dc77053ba9128c264b38c07a1477b,e548864ad47c68864a2542c50290a4242b6dc77053ba9128c264b38c07a1477b,e548864ad47c68864a2542c50290a4242b6dc77053ba9128c264b38c07a1477b,krom-instruction-raw-utf8-v1,LEGACY_UNPROVEN,KROM Forge v4.2 supplied manifest.json; retained without revalidation
kfg-v4-0264-ml-experiment-reproducibility,skills/kfg-v4-0264-ml-experiment-reproducibility/SKILL.md,e1cc5cf00bbdb15910b30ab0c11858190dc4e847efe8b0cb5ae4a668868dcf29,76fcdfcf9081bd822e8d95c76884e89c88673d751fcd47b56fd0c410c7c4fb71,76fcdfcf9081bd822e8d95c76884e89c88673d751fcd47b56fd0c410c7c4fb71,76fcdfcf9081bd822e8d95c76884e89c88673d751fcd47b56fd0c410c7c4fb71,krom-instruction-raw-utf8-v1,LEGACY_UNPROVEN,KROM Forge v4.2 supplied manifest.json; retained without revalidation
kfg-v4-0265-model-card-completeness,skills/kfg-v4-0265-model-card-completeness/SKILL.md,bb765f9f8a0c7c4d84b0930bbe966e3ff844679f9c6399fe776af3bbbce5968d,9ef104e33662c68db61c894fbf25304bdec3e460eaf8f6b1946aafed8f46f73b,9ef104e33662c68db61c894fbf25304bdec3e460eaf8f6b1946aafed8f46f73b,9ef104e33662c68db61c894fbf25304bdec3e460eaf8f6b1946aafed8f46f73b,krom-instruction-raw-utf8-v1,LEGACY_UNPROVEN,KROM Forge v4.2 supplied manifest.json; retained without revalidation
kfg-v4-0266-llm-context-window-budget,skills/kfg-v4-0266-llm-context-window-budget/SKILL.md,7e3eeed3dfeed1045eeb62da398ded24fe2f9ca96886f039bf69ffff8bbd0887,c9e14b55dc7e4eba0d457f3cae8fc650c770bda2ef488955d07b65ec1d432d14,c9e14b55dc7e4eba0d457f3cae8fc650c770bda2ef488955d07b65ec1d432d14,c9e14b55dc7e4eba0d457f3cae8fc650c770bda2ef488955d07b65ec1d432d14,krom-instruction-raw-utf8-v1,LEGACY_UNPROVEN,KROM Forge v4.2 supplied manifest.json; retained without revalidation
kfg-v4-0267-structured-output-conformance,skills/kfg-v4-0267-structured-output-conformance/SKILL.md,29a3eb50ba3952823e53b3c8414524eafe80585bdf90daf3abf5ec79064a912e,20f7460c759e96f69f77da3825bb3219ef5156819281a6e22928a2b4ee64fefd,20f7460c759e96f69f77da3825bb3219ef5156819281a6e22928a2b4ee64fefd,20f7460c759e96f69f77da3825bb3219ef5156819281a6e22928a2b4ee64fefd,krom-instruction-raw-utf8-v1,LEGACY_UNPROVEN,KROM Forge v4.2 supplied manifest.json; retained without revalidation
kfg-v4-0268-model-fallback-policy,skills/kfg-v4-0268-model-fallback-policy/SKILL.md,fb7b9c9e0fc1cd76d8b5e7c0a62d0352a85a49371214651429bbd97e3cb23ba1,d2a0bc808dacecd4cadcb8b85b869bb82313ddeceb8759d58a8cd9c7c8c6c609,d2a0bc808dacecd4cadcb8b85b869bb82313ddeceb8759d58a8cd9c7c8c6c609,d2a0bc808dacecd4cadcb8b85b869bb82313ddeceb8759d58a8cd9c7c8c6c609,krom-instruction-raw-utf8-v1,LEGACY_UNPROVEN,KROM Forge v4.2 supplied manifest.json; retained without revalidation
kfg-v4-0269-prompt-version-lineage,skills/kfg-v4-0269-prompt-version-lineage/SKILL.md,8e8da4e63b3e126f6c7560aa6244ad846a69b9a3b78f0367c820afb20c48dd6d,52cfbf4d37d1c9599f9534f2d6f2e85918ab6e055e10f74122e5839a7507914b,52cfbf4d37d1c9599f9534f2d6f2e85918ab6e055e10f74122e5839a7507914b,52cfbf4d37d1c9599f9534f2d6f2e85918ab6e055e10f74122e5839a7507914b,krom-instruction-raw-utf8-v1,LEGACY_UNPROVEN,KROM Forge v4.2 supplied manifest.json; retained without revalidation
kfg-v4-0270-llm-cost-attribution,skills/kfg-v4-0270-llm-cost-attribution/SKILL.md,87be6b8600b12a366bb14bb5e5700c68d0191f67b77d6e5d1535cab41a87f479,2a298630b33d95f11ce811bc62b64a5714b4a3aec08342ca423b1d6174b4979a,2a298630b33d95f11ce811bc62b64a5714b4a3aec08342ca423b1d6174b4979a,2a298630b33d95f11ce811bc62b64a5714b4a3aec08342ca423b1d6174b4979a,krom-instruction-raw-utf8-v1,LEGACY_UNPROVEN,KROM Forge v4.2 supplied manifest.json; retained without revalidation
kfg-v4-0271-retrieval-chunk-boundary,skills/kfg-v4-0271-retrieval-chunk-boundary/SKILL.md,b5dd849d7eceae51dc4ea5041646199d96491ed93b2c6ab29fcd8058306a4466,34accabd2c6ee70c98ff69ec60bda199b2d4dbcc5c8ac54d73c0672fcea38e97,34accabd2c6ee70c98ff69ec60bda199b2d4dbcc5c8ac54d73c0672fcea38e97,34accabd2c6ee70c98ff69ec60bda199b2d4dbcc5c8ac54d73c0672fcea38e97,krom-instruction-raw-utf8-v1,LEGACY_UNPROVEN,KROM Forge v4.2 supplied manifest.json; retained without revalidation
kfg-v4-0272-citation-grounding-evaluator,skills/kfg-v4-0272-citation-grounding-evaluator/SKILL.md,11faaa887e1ce9656a956030b0128b888e721505e4d6c07f51488685664d1b72,2dd1324f8884d0fc8db85e591a677c63a8fc8d29beab1d1bc3048ff1b1937842,2dd1324f8884d0fc8db85e591a677c63a8fc8d29beab1d1bc3048ff1b1937842,2dd1324f8884d0fc8db85e591a677c63a8fc8d29beab1d1bc3048ff1b1937842,krom-instruction-raw-utf8-v1,LEGACY_UNPROVEN,KROM Forge v4.2 supplied manifest.json; retained without revalidation
kfg-v4-0273-index-refresh-coordinator,skills/kfg-v4-0273-index-refresh-coordinator/SKILL.md,61e068bb3db02b490f4e9f2d277121003a598eaa55d7f2ce3327d2129b4a6fa4,34d59edae63adbf89eed7d4989e8890705accd8a231bc73f1044cf65c6e08dd7,34d59edae63adbf89eed7d4989e8890705accd8a231bc73f1044cf65c6e08dd7,34d59edae63adbf89eed7d4989e8890705accd8a231bc73f1044cf65c6e08dd7,krom-instruction-raw-utf8-v1,LEGACY_UNPROVEN,KROM Forge v4.2 supplied manifest.json; retained without revalidation
kfg-v4-0274-retrieval-permission-filter,skills/kfg-v4-0274-retrieval-permission-filter/SKILL.md,d668fbec3399ce2739619fa61f26a0afc596676f39beb4ed314a7b5d1228ff3f,46d63b442f284d6c7f981041d9d124074993870f5bb34fcf24e4ca24e8d2d7b7,46d63b442f284d6c7f981041d9d124074993870f5bb34fcf24e4ca24e8d2d7b7,46d63b442f284d6c7f981041d9d124074993870f5bb34fcf24e4ca24e8d2d7b7,krom-instruction-raw-utf8-v1,LEGACY_UNPROVEN,KROM Forge v4.2 supplied manifest.json; retained without revalidation
kfg-v4-0275-rag-failure-taxonomy,skills/kfg-v4-0275-rag-failure-taxonomy/SKILL.md,329240a99258eda318ccf7e8acb7e2c6a18e39b23f83d22c87228bc1c8f2d142,d561dbec64abad377388eff582f53d00c1b6b1304022afbd7f3dc725f8f0ad72,d561dbec64abad377388eff582f53d00c1b6b1304022afbd7f3dc725f8f0ad72,d561dbec64abad377388eff582f53d00c1b6b1304022afbd7f3dc725f8f0ad72,krom-instruction-raw-utf8-v1,LEGACY_UNPROVEN,KROM Forge v4.2 supplied manifest.json; retained without revalidation
kfg-v4-0276-vector-index-recall-calibrator,skills/kfg-v4-0276-vector-index-recall-calibrator/SKILL.md,c45431b4ea162c8762459b82d37a6571d99a2e71fd2e93e313f72f26a614fa86,6a8b3a1415aaaaab35b5c564dae5113881bbeb648cb765972a3a8c5fe7866c9d,6a8b3a1415aaaaab35b5c564dae5113881bbeb648cb765972a3a8c5fe7866c9d,6a8b3a1415aaaaab35b5c564dae5113881bbeb648cb765972a3a8c5fe7866c9d,krom-instruction-raw-utf8-v1,LEGACY_UNPROVEN,KROM Forge v4.2 supplied manifest.json; retained without revalidation
kfg-v4-0277-embedding-dimension-migration,skills/kfg-v4-0277-embedding-dimension-migration/SKILL.md,58c511983098b23b52624b137e68faac80fabd2f6071eebf59176dd1646ed333,12591e212fd85ce12de92218aa4b04510ae8c19603450c19e59633a33389b3cd,12591e212fd85ce12de92218aa4b04510ae8c19603450c19e59633a33389b3cd,12591e212fd85ce12de92218aa4b04510ae8c19603450c19e59633a33389b3cd,krom-instruction-raw-utf8-v1,LEGACY_UNPROVEN,KROM Forge v4.2 supplied manifest.json; retained without revalidation
kfg-v4-0278-vector-tenant-isolation,skills/kfg-v4-0278-vector-tenant-isolation/SKILL.md,78faf4abd9cf9137d410bf38dfd1fb677f2020fa541638f5b1c22cac65e0ee28,8062b513947dc8ac9c96d314870399903c25be83c37652450128d0b245c2794b,8062b513947dc8ac9c96d314870399903c25be83c37652450128d0b245c2794b,8062b513947dc8ac9c96d314870399903c25be83c37652450128d0b245c2794b,krom-instruction-raw-utf8-v1,LEGACY_UNPROVEN,KROM Forge v4.2 supplied manifest.json; retained without revalidation
kfg-v4-0279-similarity-threshold-tuner,skills/kfg-v4-0279-similarity-threshold-tuner/SKILL.md,71b54958ed20eb05c6dbdb752331e1761cf02b652d2c71030667f8caf6357324,5c794d364226a2828031ab3718aa62cb67aa33a401cd3d5a20b6120a4ee5e1b2,5c794d364226a2828031ab3718aa62cb67aa33a401cd3d5a20b6120a4ee5e1b2,5c794d364226a2828031ab3718aa62cb67aa33a401cd3d5a20b6120a4ee5e1b2,krom-instruction-raw-utf8-v1,LEGACY_UNPROVEN,KROM Forge v4.2 supplied manifest.json; retained without revalidation
kfg-v4-0280-vector-delete-completeness,skills/kfg-v4-0280-vector-delete-completeness/SKILL.md,b29bc868b6b10cae1187698ddc1cce99273b6c9480167b6552ba385b3d3a8f89,1760cb22a34bc45fe4ca479680f8230749c26c22f9f69750a5e4f6186c8f9b64,1760cb22a34bc45fe4ca479680f8230749c26c22f9f69750a5e4f6186c8f9b64,1760cb22a34bc45fe4ca479680f8230749c26c22f9f69750a5e4f6186c8f9b64,krom-instruction-raw-utf8-v1,LEGACY_UNPROVEN,KROM Forge v4.2 supplied manifest.json; retained without revalidation
kfg-v4-0281-embedding-model-drift,skills/kfg-v4-0281-embedding-model-drift/SKILL.md,6d7f87a5b9d1b97af1409e4d6a40cfdefba081ba6647cae1ea5c5eec6f05b695,554759eb28cf2a3784a7cc4392071dd27d343d478efe019f88a8d0aba2fd8658,554759eb28cf2a3784a7cc4392071dd27d343d478efe019f88a8d0aba2fd8658,554759eb28cf2a3784a7cc4392071dd27d343d478efe019f88a8d0aba2fd8658,krom-instruction-raw-utf8-v1,LEGACY_UNPROVEN,KROM Forge v4.2 supplied manifest.json; retained without revalidation
kfg-v4-0282-multilingual-embedding-benchmark,skills/kfg-v4-0282-multilingual-embedding-benchmark/SKILL.md,a4d642697d9ed64b4cd46ca9fdd7d6584945e7909a0a8f10af07683931639055,1524f471ab94e27fbccf7db850c4ea4fcb75dfe79cfe47fa72eaf97a689d9200,1524f471ab94e27fbccf7db850c4ea4fcb75dfe79cfe47fa72eaf97a689d9200,1524f471ab94e27fbccf7db850c4ea4fcb75dfe79cfe47fa72eaf97a689d9200,krom-instruction-raw-utf8-v1,LEGACY_UNPROVEN,KROM Forge v4.2 supplied manifest.json; retained without revalidation
kfg-v4-0283-embedding-pii-redaction,skills/kfg-v4-0283-embedding-pii-redaction/SKILL.md,0d7b74c3b5dce7e10af3f2ea523450f01ecdbde2486561068d8d4bcdecc173cd,b4e00a92cb0c1b9d8f6fdb0fc07e6eb17c16e0bcee15b0b962be5cb237b75694,b4e00a92cb0c1b9d8f6fdb0fc07e6eb17c16e0bcee15b0b962be5cb237b75694,b4e00a92cb0c1b9d8f6fdb0fc07e6eb17c16e0bcee15b0b962be5cb237b75694,krom-instruction-raw-utf8-v1,LEGACY_UNPROVEN,KROM Forge v4.2 supplied manifest.json; retained without revalidation
kfg-v4-0284-batch-embedding-backfill,skills/kfg-v4-0284-batch-embedding-backfill/SKILL.md,0656a705d43451ac1f21cb9b51a200baa2bb41eaf97d5ef9793b1a8b9ee727e3,15875a6fab2d07360e3500cb1a8aece35f0b17aa29c1f8c7af48679e403757c3,15875a6fab2d07360e3500cb1a8aece35f0b17aa29c1f8c7af48679e403757c3,15875a6fab2d07360e3500cb1a8aece35f0b17aa29c1f8c7af48679e403757c3,krom-instruction-raw-utf8-v1,LEGACY_UNPROVEN,KROM Forge v4.2 supplied manifest.json; retained without revalidation
kfg-v4-0285-embedding-cache-integrity,skills/kfg-v4-0285-embedding-cache-integrity/SKILL.md,fc55cc0a58cfeddf022e869f5def0569571e6d2178f220ec643c045a2af46fda,e6e6f9ef7f6d05ec99845956f60effa7953aa54142c77f754d96cc4ccd515855,e6e6f9ef7f6d05ec99845956f60effa7953aa54142c77f754d96cc4ccd515855,e6e6f9ef7f6d05ec99845956f60effa7953aa54142c77f754d96cc4ccd515855,krom-instruction-raw-utf8-v1,LEGACY_UNPROVEN,KROM Forge v4.2 supplied manifest.json; retained without revalidation
kfg-v4-0286-agent-tool-permission-matrix,skills/kfg-v4-0286-agent-tool-permission-matrix/SKILL.md,1733ac387df9e3bb0b5b3e07f42395ee8296161dc40247410ca476b23e2b1a91,62da1c6534ec16c1286ccc09ec24ef32c25a79fa38b78c1363d90cc88b9ac7d5,62da1c6534ec16c1286ccc09ec24ef32c25a79fa38b78c1363d90cc88b9ac7d5,62da1c6534ec16c1286ccc09ec24ef32c25a79fa38b78c1363d90cc88b9ac7d5,krom-instruction-raw-utf8-v1,LEGACY_UNPROVEN,KROM Forge v4.2 supplied manifest.json; retained without revalidation
kfg-v4-0287-agent-plan-execution-separator,skills/kfg-v4-0287-agent-plan-execution-separator/SKILL.md,0f2906d3f21530ce976130353f11ee3006291ee8402c1ca6c85d77f299bc7750,fa68d64be1919e862ca64b296ff2e2e76577d87737f3bcaf2ae22b7e916c07de,fa68d64be1919e862ca64b296ff2e2e76577d87737f3bcaf2ae22b7e916c07de,fa68d64be1919e862ca64b296ff2e2e76577d87737f3bcaf2ae22b7e916c07de,krom-instruction-raw-utf8-v1,LEGACY_UNPROVEN,KROM Forge v4.2 supplied manifest.json; retained without revalidation
kfg-v4-0288-agent-loop-termination,skills/kfg-v4-0288-agent-loop-termination/SKILL.md,7c928aeea46ea221d7eccb8a791992350f29ea6926aabbba59f98d983b2efbee,916fd2663ab4fa788abde38fde622dc72fef18a7d59554aa4ae51a45ad846d58,916fd2663ab4fa788abde38fde622dc72fef18a7d59554aa4ae51a45ad846d58,916fd2663ab4fa788abde38fde622dc72fef18a7d59554aa4ae51a45ad846d58,krom-instruction-raw-utf8-v1,LEGACY_UNPROVEN,KROM Forge v4.2 supplied manifest.json; retained without revalidation
kfg-v4-0289-agent-memory-provenance,skills/kfg-v4-0289-agent-memory-provenance/SKILL.md,be13d9450250cfffad646d0201a614e0051dbe38a90b7a5b83d18555658b329c,868bc0d83a3e29ae5a47a74398c84d85c4092f0ae0f75faf2cfedaf939ed1cb5,868bc0d83a3e29ae5a47a74398c84d85c4092f0ae0f75faf2cfedaf939ed1cb5,868bc0d83a3e29ae5a47a74398c84d85c4092f0ae0f75faf2cfedaf939ed1cb5,krom-instruction-raw-utf8-v1,LEGACY_UNPROVEN,KROM Forge v4.2 supplied manifest.json; retained without revalidation
kfg-v4-0290-agent-handoff-contract,skills/kfg-v4-0290-agent-handoff-contract/SKILL.md,51d11303fb7043dc90f75749c4f2298511c1fff03f1916adfb9da0282eca6030,3fe34a69ee057310cd7602025f0d826597eb82512bea72111ab32d11fdf6e854,3fe34a69ee057310cd7602025f0d826597eb82512bea72111ab32d11fdf6e854,3fe34a69ee057310cd7602025f0d826597eb82512bea72111ab32d11fdf6e854,krom-instruction-raw-utf8-v1,LEGACY_UNPROVEN,KROM Forge v4.2 supplied manifest.json; retained without revalidation
kfg-v4-0291-multiagent-task-decomposition,skills/kfg-v4-0291-multiagent-task-decomposition/SKILL.md,63138219c76b07dbeb51811ebda186599644eb1525c5aa624e3999930c2a0716,a64b51dde43bfe22d6c8936beca5909cf2df850f47c12759e5bb6852fd0941c1,a64b51dde43bfe22d6c8936beca5909cf2df850f47c12759e5bb6852fd0941c1,a64b51dde43bfe22d6c8936beca5909cf2df850f47c12759e5bb6852fd0941c1,krom-instruction-raw-utf8-v1,LEGACY_UNPROVEN,KROM Forge v4.2 supplied manifest.json; retained without revalidation
kfg-v4-0292-consensus-disagreement-handler,skills/kfg-v4-0292-consensus-disagreement-handler/SKILL.md,7c8a91bb004fcad615f6a25e4321b7c8c7ac3ae3ca7faee62dd0890f4576785a,8a42346aa2be38e03b38f822fdc31f181f792bb868bf39f3b55cd212380f3348,8a42346aa2be38e03b38f822fdc31f181f792bb868bf39f3b55cd212380f3348,8a42346aa2be38e03b38f822fdc31f181f792bb868bf39f3b55cd212380f3348,krom-instruction-raw-utf8-v1,LEGACY_UNPROVEN,KROM Forge v4.2 supplied manifest.json; retained without revalidation
kfg-v4-0293-agent-role-conflict-resolver,skills/kfg-v4-0293-agent-role-conflict-resolver/SKILL.md,8faac140b3904d7c23f290eff75d6c9d7a6ec92a99d7f0531d6b743b9a63c66c,55bf6f2ee35ceef45e240227e9124f914a3edf093c879dbf93225cdf388ab886,55bf6f2ee35ceef45e240227e9124f914a3edf093c879dbf93225cdf388ab886,55bf6f2ee35ceef45e240227e9124f914a3edf093c879dbf93225cdf388ab886,krom-instruction-raw-utf8-v1,LEGACY_UNPROVEN,KROM Forge v4.2 supplied manifest.json; retained without revalidation
kfg-v4-0294-multiagent-budget-arbitrator,skills/kfg-v4-0294-multiagent-budget-arbitrator/SKILL.md,9fa1cb19105ca3b5ff57ce1836c7f20ff5f3610869e86c1d4b6ff5633b3bef0a,d13d74e67c7c69fac3fb007a7daead65cca6a809949b1bb33e306a7e5ec4f17c,d13d74e67c7c69fac3fb007a7daead65cca6a809949b1bb33e306a7e5ec4f17c,d13d74e67c7c69fac3fb007a7daead65cca6a809949b1bb33e306a7e5ec4f17c,krom-instruction-raw-utf8-v1,LEGACY_UNPROVEN,KROM Forge v4.2 supplied manifest.json; retained without revalidation
kfg-v4-0295-parallel-agent-evidence-merge,skills/kfg-v4-0295-parallel-agent-evidence-merge/SKILL.md,961fea1a077124b74ad97d23bfba85a82dc72805aea95ff542b9ee3368d58ad1,d9faeaad2698e91e1ff4ed66d3f53ed9f7d5b039a2792b19393ead7efe0656fb,d9faeaad2698e91e1ff4ed66d3f53ed9f7d5b039a2792b19393ead7efe0656fb,d9faeaad2698e91e1ff4ed66d3f53ed9f7d5b039a2792b19393ead7efe0656fb,krom-instruction-raw-utf8-v1,LEGACY_UNPROVEN,KROM Forge v4.2 supplied manifest.json; retained without revalidation
kfg-v4-0296-mcp-schema-compatibility,skills/kfg-v4-0296-mcp-schema-compatibility/SKILL.md,e3cffdf7ef13ad897b22f32961d750d2976e44fc169626bb7cbba824ccacd19e,15e24e1d6a6eb36cbb87ff6465a3e1a374f8c3cac61ee1a24b09ed177a2b9780,15e24e1d6a6eb36cbb87ff6465a3e1a374f8c3cac61ee1a24b09ed177a2b9780,15e24e1d6a6eb36cbb87ff6465a3e1a374f8c3cac61ee1a24b09ed177a2b9780,krom-instruction-raw-utf8-v1,LEGACY_UNPROVEN,KROM Forge v4.2 supplied manifest.json; retained without revalidation
kfg-v4-0297-mcp-tool-timeout-policy,skills/kfg-v4-0297-mcp-tool-timeout-policy/SKILL.md,f4b2e93f6895c14a8f4d1088917ffb3563e2609ac188ffb377fa3d68b7978af3,3297f0bdf3723a2c1a6a8944233f1dca0b70de9c0232f93f359be743816563c8,3297f0bdf3723a2c1a6a8944233f1dca0b70de9c0232f93f359be743816563c8,3297f0bdf3723a2c1a6a8944233f1dca0b70de9c0232f93f359be743816563c8,krom-instruction-raw-utf8-v1,LEGACY_UNPROVEN,KROM Forge v4.2 supplied manifest.json; retained without revalidation
kfg-v4-0298-mcp-output-sanitization,skills/kfg-v4-0298-mcp-output-sanitization/SKILL.md,1a3966995219240c00e8c9d2cce12572d103f255bec970bc15505c6d5e5cca65,b14b67936f278a2a50d7a3abb960746ed63f16c8334dfde9f1cef58c948ec0e0,b14b67936f278a2a50d7a3abb960746ed63f16c8334dfde9f1cef58c948ec0e0,b14b67936f278a2a50d7a3abb960746ed63f16c8334dfde9f1cef58c948ec0e0,krom-instruction-raw-utf8-v1,LEGACY_UNPROVEN,KROM Forge v4.2 supplied manifest.json; retained without revalidation
kfg-v4-0299-mcp-session-boundary-audit,skills/kfg-v4-0299-mcp-session-boundary-audit/SKILL.md,a8299045984cf74813ab9d7c4926dae3ed82c43c3d10de346ee437fb8ee16ed0,d83c1fd89ccb59536dc30a3b1810a6db581250389ce08952948d1238eda0b815,d83c1fd89ccb59536dc30a3b1810a6db581250389ce08952948d1238eda0b815,d83c1fd89ccb59536dc30a3b1810a6db581250389ce08952948d1238eda0b815,krom-instruction-raw-utf8-v1,LEGACY_UNPROVEN,KROM Forge v4.2 supplied manifest.json; retained without revalidation
kfg-v4-0300-mcp-capability-discovery-cache,skills/kfg-v4-0300-mcp-capability-discovery-cache/SKILL.md,aaa092827c0055a99fb2783ce220e85fe694709ae4299de214a4fdf03bf79af5,9048d904f4b6db2fdcf132469f80189efdfdb3ea075deed8a158ccfbb2d5a576,9048d904f4b6db2fdcf132469f80189efdfdb3ea075deed8a158ccfbb2d5a576,9048d904f4b6db2fdcf132469f80189efdfdb3ea075deed8a158ccfbb2d5a576,krom-instruction-raw-utf8-v1,LEGACY_UNPROVEN,KROM Forge v4.2 supplied manifest.json; retained without revalidation
kfg-v4-0301-prompt-injection-boundary,skills/kfg-v4-0301-prompt-injection-boundary/SKILL.md,54865b6d03a686da0e7fd8dfbec2aebec2b268c1f49d687bf0ae97bb725e0777,bb43cdd7bf5f1da078c9aa24d4e9b44ce56f4837caf8b9f24e300d11f06fbf8f,bb43cdd7bf5f1da078c9aa24d4e9b44ce56f4837caf8b9f24e300d11f06fbf8f,bb43cdd7bf5f1da078c9aa24d4e9b44ce56f4837caf8b9f24e300d11f06fbf8f,krom-instruction-raw-utf8-v1,LEGACY_UNPROVEN,KROM Forge v4.2 supplied manifest.json; retained without revalidation
kfg-v4-0302-prompt-template-regression,skills/kfg-v4-0302-prompt-template-regression/SKILL.md,f7742aa4bd917eefef940e7ef771c0fad1acf6b38cf991a2743abf1109ad449b,2674828b2bd134e5888ce3952cf96d72b84fa6935b9b4ad2a034288bfd77ad1a,2674828b2bd134e5888ce3952cf96d72b84fa6935b9b4ad2a034288bfd77ad1a,2674828b2bd134e5888ce3952cf96d72b84fa6935b9b4ad2a034288bfd77ad1a,krom-instruction-raw-utf8-v1,LEGACY_UNPROVEN,KROM Forge v4.2 supplied manifest.json; retained without revalidation
kfg-v4-0303-instruction-priority-auditor,skills/kfg-v4-0303-instruction-priority-auditor/SKILL.md,c204fb7416619299c2155a73b0915c567860ac1b1c456dcb2dfef80da5ddae39,da61522ee1c0207f9d7b168e9ce106055516b277ad98ea7c5a466074dd0c151c,da61522ee1c0207f9d7b168e9ce106055516b277ad98ea7c5a466074dd0c151c,da61522ee1c0207f9d7b168e9ce106055516b277ad98ea7c5a466074dd0c151c,krom-instruction-raw-utf8-v1,LEGACY_UNPROVEN,KROM Forge v4.2 supplied manifest.json; retained without revalidation
kfg-v4-0304-prompt-input-privacy,skills/kfg-v4-0304-prompt-input-privacy/SKILL.md,e5b46fdaa8a6b335003d6dc2f26fbcba9162303d8529d3fae93a768dc41bd54f,e3f593965f1d949deaf2f286ee915b1dd9bff8f1f874faa650ea36f55e2bf13a,e3f593965f1d949deaf2f286ee915b1dd9bff8f1f874faa650ea36f55e2bf13a,e3f593965f1d949deaf2f286ee915b1dd9bff8f1f874faa650ea36f55e2bf13a,krom-instruction-raw-utf8-v1,LEGACY_UNPROVEN,KROM Forge v4.2 supplied manifest.json; retained without revalidation
kfg-v4-0305-prompt-change-review,skills/kfg-v4-0305-prompt-change-review/SKILL.md,df0a79bb1343391b090a70f2070e4e100794674ea4c90e57e8a6ed62d063d878,d9d820e7554abbfd277bc11a2b83ef896b8e54e6500fb5145cf129f4979f3ebc,d9d820e7554abbfd277bc11a2b83ef896b8e54e6500fb5145cf129f4979f3ebc,d9d820e7554abbfd277bc11a2b83ef896b8e54e6500fb5145cf129f4979f3ebc,krom-instruction-raw-utf8-v1,LEGACY_UNPROVEN,KROM Forge v4.2 supplied manifest.json; retained without revalidation
kfg-v4-0306-evaluation-dataset-provenance,skills/kfg-v4-0306-evaluation-dataset-provenance/SKILL.md,35bc177e845cbe698f57c421b74c14b602dec2540c420bf7c3d71c91e683e594,ebad4cc724a7f1658bb86d6bd2ff356e6b5f9d9e8ff662b61e612d6d5207e7a6,ebad4cc724a7f1658bb86d6bd2ff356e6b5f9d9e8ff662b61e612d6d5207e7a6,ebad4cc724a7f1658bb86d6bd2ff356e6b5f9d9e8ff662b61e612d6d5207e7a6,krom-instruction-raw-utf8-v1,LEGACY_UNPROVEN,KROM Forge v4.2 supplied manifest.json; retained without revalidation
kfg-v4-0307-rubric-calibration,skills/kfg-v4-0307-rubric-calibration/SKILL.md,bc42181ee7e95c8706016f6b2c3bdaf3d413386e1aab6b1d259f27cc3ab18032,5b1758e917fa5bc7b229ca18f1fa4f92c0bb2cf80e4c6731eba693e06f307a6e,5b1758e917fa5bc7b229ca18f1fa4f92c0bb2cf80e4c6731eba693e06f307a6e,5b1758e917fa5bc7b229ca18f1fa4f92c0bb2cf80e4c6731eba693e06f307a6e,krom-instruction-raw-utf8-v1,LEGACY_UNPROVEN,KROM Forge v4.2 supplied manifest.json; retained without revalidation
kfg-v4-0308-judge-drift-monitor,skills/kfg-v4-0308-judge-drift-monitor/SKILL.md,30cddb12ccf6a30186207956513c359256ac87ed190e7a969f9a72aa49d90126,a20cea57cb276cb9fc9587bef0650f0a6e47bb5b1819859c4b160f6b2b3a0901,a20cea57cb276cb9fc9587bef0650f0a6e47bb5b1819859c4b160f6b2b3a0901,a20cea57cb276cb9fc9587bef0650f0a6e47bb5b1819859c4b160f6b2b3a0901,krom-instruction-raw-utf8-v1,LEGACY_UNPROVEN,KROM Forge v4.2 supplied manifest.json; retained without revalidation
kfg-v4-0309-adversarial-prompt-suite,skills/kfg-v4-0309-adversarial-prompt-suite/SKILL.md,e7f4d332a051e32dcde20d0513cdec9c23095c1d2f6727b1d41e7631f84eecfc,8e73f36094aed17c01d331b775afd73ca90122078cb9d51ae050a79eb31a071d,8e73f36094aed17c01d331b775afd73ca90122078cb9d51ae050a79eb31a071d,8e73f36094aed17c01d331b775afd73ca90122078cb9d51ae050a79eb31a071d,krom-instruction-raw-utf8-v1,LEGACY_UNPROVEN,KROM Forge v4.2 supplied manifest.json; retained without revalidation
kfg-v4-0310-cost-quality-frontier,skills/kfg-v4-0310-cost-quality-frontier/SKILL.md,b2e9dcaf2b669118658edd69f82d5a9f6a100f804d3568705b000770041b4809,88c5264bb000917a9522abd57531b316e050851b7d4b202fb8f7e155a4d5cd58,88c5264bb000917a9522abd57531b316e050851b7d4b202fb8f7e155a4d5cd58,88c5264bb000917a9522abd57531b316e050851b7d4b202fb8f7e155a4d5cd58,krom-instruction-raw-utf8-v1,LEGACY_UNPROVEN,KROM Forge v4.2 supplied manifest.json; retained without revalidation
kfg-v4-0311-model-abuse-case-register,skills/kfg-v4-0311-model-abuse-case-register/SKILL.md,9d9c6f9050221f60f133461778d4a5ff4acfe8e035d670115f1343dc82fc3a3f,b5785e19d62bd149988090a9c4a1cbc15e54049c3414b50773ffaeef7a679e8f,b5785e19d62bd149988090a9c4a1cbc15e54049c3414b50773ffaeef7a679e8f,b5785e19d62bd149988090a9c4a1cbc15e54049c3414b50773ffaeef7a679e8f,krom-instruction-raw-utf8-v1,LEGACY_UNPROVEN,KROM Forge v4.2 supplied manifest.json; retained without revalidation
kfg-v4-0312-unsafe-output-policy-test,skills/kfg-v4-0312-unsafe-output-policy-test/SKILL.md,dbb2db2d068760ef0797ec7ce0f2d842098a3c0cf219661cf00974e4eadd6f16,7d5863ac980f06d3be7052d3ee6410f11ebcf32e2926e7eaab227bbde90d5c6a,7d5863ac980f06d3be7052d3ee6410f11ebcf32e2926e7eaab227bbde90d5c6a,7d5863ac980f06d3be7052d3ee6410f11ebcf32e2926e7eaab227bbde90d5c6a,krom-instruction-raw-utf8-v1,LEGACY_UNPROVEN,KROM Forge v4.2 supplied manifest.json; retained without revalidation
kfg-v4-0313-human-escalation-threshold,skills/kfg-v4-0313-human-escalation-threshold/SKILL.md,6410df30f45a3790a5b76d387e243308153d05c06ef8e182ee0cdc265ec728ac,ea389a3b02f5cdd89a83fa91146adf12b21fa22b59a12bee33aac99a432f7dea,ea389a3b02f5cdd89a83fa91146adf12b21fa22b59a12bee33aac99a432f7dea,ea389a3b02f5cdd89a83fa91146adf12b21fa22b59a12bee33aac99a432f7dea,krom-instruction-raw-utf8-v1,LEGACY_UNPROVEN,KROM Forge v4.2 supplied manifest.json; retained without revalidation
kfg-v4-0314-safety-control-coverage,skills/kfg-v4-0314-safety-control-coverage/SKILL.md,5f949bd1f4d1818a02185dfdbcfeec4c4563318818af10a82752f9059f557840,ecadf8e06f930036cf4613e67e29accdaa54e31b02498b172d9b5ea253b86ee6,ecadf8e06f930036cf4613e67e29accdaa54e31b02498b172d9b5ea253b86ee6,ecadf8e06f930036cf4613e67e29accdaa54e31b02498b172d9b5ea253b86ee6,krom-instruction-raw-utf8-v1,LEGACY_UNPROVEN,KROM Forge v4.2 supplied manifest.json; retained without revalidation
kfg-v4-0315-safety-incident-replay,skills/kfg-v4-0315-safety-incident-replay/SKILL.md,ce835182bcfb03fd88c109ca8ef2b10f97f252f9c0e6efc8ef205dc57c44211e,4c92ad33ba935fc17d2c01392cbee5b6dcb51b7917fc33ac432c0ba348678a7f,4c92ad33ba935fc17d2c01392cbee5b6dcb51b7917fc33ac432c0ba348678a7f,4c92ad33ba935fc17d2c01392cbee5b6dcb51b7917fc33ac432c0ba348678a7f,krom-instruction-raw-utf8-v1,LEGACY_UNPROVEN,KROM Forge v4.2 supplied manifest.json; retained without revalidation
kfg-v4-0316-llm-trace-attribution,skills/kfg-v4-0316-llm-trace-attribution/SKILL.md,9b3f1680798b42a6d212ae14d21c5295e4e1ade041856a7dc466d8fb26df08f0,aa844aacc4bccf22f2ebbbb1fb8d5cb2abe3a35c338a1dec29c2f87738f30049,aa844aacc4bccf22f2ebbbb1fb8d5cb2abe3a35c338a1dec29c2f87738f30049,aa844aacc4bccf22f2ebbbb1fb8d5cb2abe3a35c338a1dec29c2f87738f30049,krom-instruction-raw-utf8-v1,LEGACY_UNPROVEN,KROM Forge v4.2 supplied manifest.json; retained without revalidation
kfg-v4-0317-token-usage-anomaly,skills/kfg-v4-0317-token-usage-anomaly/SKILL.md,f2d919a517c170afe7f8d5569d6abc7d2dfa3311396d0bab8bcf339e7833d159,ac8083b47584330a28591d461a40321d9a0b8e111299fd1b8cb28ae688eed107,ac8083b47584330a28591d461a40321d9a0b8e111299fd1b8cb28ae688eed107,ac8083b47584330a28591d461a40321d9a0b8e111299fd1b8cb28ae688eed107,krom-instruction-raw-utf8-v1,LEGACY_UNPROVEN,KROM Forge v4.2 supplied manifest.json; retained without revalidation
kfg-v4-0318-retrieval-trace-completeness,skills/kfg-v4-0318-retrieval-trace-completeness/SKILL.md,0133a769c65b27b68b252eec212482610c64b591a645474af6dc509287486b29,83b12b6ead2cffeb6a886d8a48d018d344d0373bb7d580d13f1a6196347b1766,83b12b6ead2cffeb6a886d8a48d018d344d0373bb7d580d13f1a6196347b1766,83b12b6ead2cffeb6a886d8a48d018d344d0373bb7d580d13f1a6196347b1766,krom-instruction-raw-utf8-v1,LEGACY_UNPROVEN,KROM Forge v4.2 supplied manifest.json; retained without revalidation
kfg-v4-0319-model-latency-decomposition,skills/kfg-v4-0319-model-latency-decomposition/SKILL.md,8e400ae5edcaa394ea92e197b0d651bd766af80a7a9cd58920bc42ac50200fa5,a68a12f830b98ced179b945d82305377b8e1d4a953541f0229cb07e4de5ca341,a68a12f830b98ced179b945d82305377b8e1d4a953541f0229cb07e4de5ca341,a68a12f830b98ced179b945d82305377b8e1d4a953541f0229cb07e4de5ca341,krom-instruction-raw-utf8-v1,LEGACY_UNPROVEN,KROM Forge v4.2 supplied manifest.json; retained without revalidation
kfg-v4-0320-ai-quality-slo,skills/kfg-v4-0320-ai-quality-slo/SKILL.md,4f46860f2ac5e76427be7f9b8127b4e6cfd6000901d88010e1bf1bc97a561177,9118f1be3f248ed136d6b70b459d611ceebfea27e76d9b94bce9dac3c4c7cd00,9118f1be3f248ed136d6b70b459d611ceebfea27e76d9b94bce9dac3c4c7cd00,9118f1be3f248ed136d6b70b459d611ceebfea27e76d9b94bce9dac3c4c7cd00,krom-instruction-raw-utf8-v1,LEGACY_UNPROVEN,KROM Forge v4.2 supplied manifest.json; retained without revalidation
kfg-v4-0321-model-capability-router,skills/kfg-v4-0321-model-capability-router/SKILL.md,f06d447dd3f01c76e3a45d169963b5f5b976071cff95e4744c79e10ac3916ff3,cd101cc3b2a0516729ef3fb3f156f32f303d67ad591333069fb489e0a44df3f5,cd101cc3b2a0516729ef3fb3f156f32f303d67ad591333069fb489e0a44df3f5,cd101cc3b2a0516729ef3fb3f156f32f303d67ad591333069fb489e0a44df3f5,krom-instruction-raw-utf8-v1,LEGACY_UNPROVEN,KROM Forge v4.2 supplied manifest.json; retained without revalidation
kfg-v4-0322-latency-cost-frontier,skills/kfg-v4-0322-latency-cost-frontier/SKILL.md,f9b9bc0e9005d6e1a6be8ba5e6fe957dbb51e672f855c42c8577bd8b52b4d30c,e11b085b8c365959d2bfab10acef9fbb2b55859fb08069b3564559a3b8393846,e11b085b8c365959d2bfab10acef9fbb2b55859fb08069b3564559a3b8393846,e11b085b8c365959d2bfab10acef9fbb2b55859fb08069b3564559a3b8393846,krom-instruction-raw-utf8-v1,LEGACY_UNPROVEN,KROM Forge v4.2 supplied manifest.json; retained without revalidation
kfg-v4-0323-fallback-cascade-safety,skills/kfg-v4-0323-fallback-cascade-safety/SKILL.md,9b4fdf669bcb20ddea2fe6fa9e3f59490e6004022e0acc136b8c51cc7a951370,e3ee6381300ee948a8d21cfcd90d99f2ce5317cd143588f04ce551709df4ae72,e3ee6381300ee948a8d21cfcd90d99f2ce5317cd143588f04ce551709df4ae72,e3ee6381300ee948a8d21cfcd90d99f2ce5317cd143588f04ce551709df4ae72,krom-instruction-raw-utf8-v1,LEGACY_UNPROVEN,KROM Forge v4.2 supplied manifest.json; retained without revalidation
kfg-v4-0324-model-version-compatibility,skills/kfg-v4-0324-model-version-compatibility/SKILL.md,9be5a0547b937eb22d224730a803d7901549092846432ac08a7daedda2f72e7d,08dbb56cd390260860405ea8fa59a9dad11432bfd0bc6902cc3243f5d23ea71f,08dbb56cd390260860405ea8fa59a9dad11432bfd0bc6902cc3243f5d23ea71f,08dbb56cd390260860405ea8fa59a9dad11432bfd0bc6902cc3243f5d23ea71f,krom-instruction-raw-utf8-v1,LEGACY_UNPROVEN,KROM Forge v4.2 supplied manifest.json; retained without revalidation
kfg-v4-0325-routing-policy-experiment,skills/kfg-v4-0325-routing-policy-experiment/SKILL.md,667d3b7cf44c130f8d6d45efd7ada157dac2a974d9993fb004daa641c8fb8e1e,dd5cce658b1b7b481ccaf9529db367a17fa77d851958b1431e9ebcbcc41c1b41,dd5cce658b1b7b481ccaf9529db367a17fa77d851958b1431e9ebcbcc41c1b41,dd5cce658b1b7b481ccaf9529db367a17fa77d851958b1431e9ebcbcc41c1b41,krom-instruction-raw-utf8-v1,LEGACY_UNPROVEN,KROM Forge v4.2 supplied manifest.json; retained without revalidation
kfg-v4-0326-vision-dataset-shift,skills/kfg-v4-0326-vision-dataset-shift/SKILL.md,f80cf48107091d38b8e96be42fba5c3b1b9acf2747295f202eac80c57fb44e46,0ec19e34ad6138ecefa472f1eb01019cb3771d603315329e8a2edefac828ccb2,0ec19e34ad6138ecefa472f1eb01019cb3771d603315329e8a2edefac828ccb2,0ec19e34ad6138ecefa472f1eb01019cb3771d603315329e8a2edefac828ccb2,krom-instruction-raw-utf8-v1,LEGACY_UNPROVEN,KROM Forge v4.2 supplied manifest.json; retained without revalidation
kfg-v4-0327-camera-calibration-evidence,skills/kfg-v4-0327-camera-calibration-evidence/SKILL.md,26a12f86eca45110395149e407124a5ab85e8562b1be94d250e552b88a8e33ca,d0c25d3d2350c9a4b7f2caceab279fc3ad217e336d58eb626657858e22af1908,d0c25d3d2350c9a4b7f2caceab279fc3ad217e336d58eb626657858e22af1908,d0c25d3d2350c9a4b7f2caceab279fc3ad217e336d58eb626657858e22af1908,krom-instruction-raw-utf8-v1,LEGACY_UNPROVEN,KROM Forge v4.2 supplied manifest.json; retained without revalidation
kfg-v4-0328-object-detection-threshold,skills/kfg-v4-0328-object-detection-threshold/SKILL.md,9bac3be7828caa9cc1aef9d2085c8f6dd1e5e43c16b3836b9d291dd8d222c75f,7bf4b07b55d65a5ae7d28230c661125efe4d9ccd04bc5189adf38067533ff041,7bf4b07b55d65a5ae7d28230c661125efe4d9ccd04bc5189adf38067533ff041,7bf4b07b55d65a5ae7d28230c661125efe4d9ccd04bc5189adf38067533ff041,krom-instruction-raw-utf8-v1,LEGACY_UNPROVEN,KROM Forge v4.2 supplied manifest.json; retained without revalidation
kfg-v4-0329-vision-inference-latency,skills/kfg-v4-0329-vision-inference-latency/SKILL.md,0dcfd40519a2c35ec9b1ade27f2be0bbd4af37a5007ba4df5c0d00659f346875,0fdc64dc9c6e0fba5dfec4679313585b589527bd1a5e04b787840987e6fd1553,0fdc64dc9c6e0fba5dfec4679313585b589527bd1a5e04b787840987e6fd1553,0fdc64dc9c6e0fba5dfec4679313585b589527bd1a5e04b787840987e6fd1553,krom-instruction-raw-utf8-v1,LEGACY_UNPROVEN,KROM Forge v4.2 supplied manifest.json; retained without revalidation
kfg-v4-0330-vision-human-review,skills/kfg-v4-0330-vision-human-review/SKILL.md,76db6d4075963f4b98b574203b099e173ab06defd5550e7205a4eb0038eebb84,30cefebfb6b70ab398793de886f4e6db04da7876ac6c1db51ce89849dde8ddf2,30cefebfb6b70ab398793de886f4e6db04da7876ac6c1db51ce89849dde8ddf2,30cefebfb6b70ab398793de886f4e6db04da7876ac6c1db51ce89849dde8ddf2,krom-instruction-raw-utf8-v1,LEGACY_UNPROVEN,KROM Forge v4.2 supplied manifest.json; retained without revalidation
kfg-v4-0331-ocr-layout-preservation,skills/kfg-v4-0331-ocr-layout-preservation/SKILL.md,7413a0d630b94a36c64ccc07b41176f2b7c8cc626240721fc60084d7a04abfc1,8b3eed4f04634f60eefb8565c2801ccdbe298a29a146abce8a6fb2ba645a4dd0,8b3eed4f04634f60eefb8565c2801ccdbe298a29a146abce8a6fb2ba645a4dd0,8b3eed4f04634f60eefb8565c2801ccdbe298a29a146abce8a6fb2ba645a4dd0,krom-instruction-raw-utf8-v1,LEGACY_UNPROVEN,KROM Forge v4.2 supplied manifest.json; retained without revalidation
kfg-v4-0332-ocr-confidence-routing,skills/kfg-v4-0332-ocr-confidence-routing/SKILL.md,2411e64dad7929c6e4dbc5401e24cfbff70301a8f339370e28a51c4438ebcb17,4a4b624c22d0521077246364dac25b1bba29264a3c613303c6b65a4441f42685,4a4b624c22d0521077246364dac25b1bba29264a3c613303c6b65a4441f42685,4a4b624c22d0521077246364dac25b1bba29264a3c613303c6b65a4441f42685,krom-instruction-raw-utf8-v1,LEGACY_UNPROVEN,KROM Forge v4.2 supplied manifest.json; retained without revalidation
kfg-v4-0333-arabic-ocr-normalization,skills/kfg-v4-0333-arabic-ocr-normalization/SKILL.md,ecde2075bfd3e9ac8af26cd1e71be805d16a49352b36ca9b7d1632d276792a6e,212fe268235fc72ca6c8e3ca5967cc08f4402ae1281ada48a50432c37a9fe25f,212fe268235fc72ca6c8e3ca5967cc08f4402ae1281ada48a50432c37a9fe25f,212fe268235fc72ca6c8e3ca5967cc08f4402ae1281ada48a50432c37a9fe25f,krom-instruction-raw-utf8-v1,LEGACY_UNPROVEN,KROM Forge v4.2 supplied manifest.json; retained without revalidation
kfg-v4-0334-ocr-table-reconstruction,skills/kfg-v4-0334-ocr-table-reconstruction/SKILL.md,d028995b9c2eecb44fd71430970949a7f31bccda076c87c69e5e133401732302,d644bbfc5ee66cd0aa0839a04a4235383aaa2d035f3450cbdf6f77c6790bc5f5,d644bbfc5ee66cd0aa0839a04a4235383aaa2d035f3450cbdf6f77c6790bc5f5,d644bbfc5ee66cd0aa0839a04a4235383aaa2d035f3450cbdf6f77c6790bc5f5,krom-instruction-raw-utf8-v1,LEGACY_UNPROVEN,KROM Forge v4.2 supplied manifest.json; retained without revalidation
kfg-v4-0335-ocr-error-taxonomy,skills/kfg-v4-0335-ocr-error-taxonomy/SKILL.md,d8147b17e6132643760c68dedfccbede77a741c550d8185c200617b557d01a5f,bcb9b95fd54a5d83fcf28173ae74c9c4e8203b615ebc5b4ada15129d529d3a3f,bcb9b95fd54a5d83fcf28173ae74c9c4e8203b615ebc5b4ada15129d529d3a3f,bcb9b95fd54a5d83fcf28173ae74c9c4e8203b615ebc5b4ada15129d529d3a3f,krom-instruction-raw-utf8-v1,LEGACY_UNPROVEN,KROM Forge v4.2 supplied manifest.json; retained without revalidation
kfg-v4-0336-document-classification-confidence,skills/kfg-v4-0336-document-classification-confidence/SKILL.md,0770c614a0ba169b5de603d294f5a13eddd8b9efd52e1f8bba24159b9bc34326,b075174f18ffeaa9201df1c4d7396e1b5d278cc9f5096e7aedf8cbff3e077f82,b075174f18ffeaa9201df1c4d7396e1b5d278cc9f5096e7aedf8cbff3e077f82,b075174f18ffeaa9201df1c4d7396e1b5d278cc9f5096e7aedf8cbff3e077f82,krom-instruction-raw-utf8-v1,LEGACY_UNPROVEN,KROM Forge v4.2 supplied manifest.json; retained without revalidation
kfg-v4-0337-document-field-lineage,skills/kfg-v4-0337-document-field-lineage/SKILL.md,3c9c7f85b58b482a25eff950b7c81a6fd523aa80cf210a4c0bef138288201fc5,67d27938a70c3ed49ef116886a71eb69b3669fc653c24d044f4f77f6a15d7b5c,67d27938a70c3ed49ef116886a71eb69b3669fc653c24d044f4f77f6a15d7b5c,67d27938a70c3ed49ef116886a71eb69b3669fc653c24d044f4f77f6a15d7b5c,krom-instruction-raw-utf8-v1,LEGACY_UNPROVEN,KROM Forge v4.2 supplied manifest.json; retained without revalidation
kfg-v4-0338-document-duplicate-detection,skills/kfg-v4-0338-document-duplicate-detection/SKILL.md,23b32cca0b78c6b5ba1204a140a5110a17f94aca486ec401e12d2e4edcc38fe1,6d49d392ad0773cd79d3fa7fee95842319d879c3348d95b0f756672bc32a7057,6d49d392ad0773cd79d3fa7fee95842319d879c3348d95b0f756672bc32a7057,6d49d392ad0773cd79d3fa7fee95842319d879c3348d95b0f756672bc32a7057,krom-instruction-raw-utf8-v1,LEGACY_UNPROVEN,KROM Forge v4.2 supplied manifest.json; retained without revalidation
kfg-v4-0339-document-redaction-verifier,skills/kfg-v4-0339-document-redaction-verifier/SKILL.md,6924326fe48e94ef9fe4f718f27734380a919ce9495ccd47fd6f76fad4f4f237,2b7eea5c6ef0d63e25682928c31f839b37a27ab87540b058c14f6048bd82218c,2b7eea5c6ef0d63e25682928c31f839b37a27ab87540b058c14f6048bd82218c,2b7eea5c6ef0d63e25682928c31f839b37a27ab87540b058c14f6048bd82218c,krom-instruction-raw-utf8-v1,LEGACY_UNPROVEN,KROM Forge v4.2 supplied manifest.json; retained without revalidation
kfg-v4-0340-document-review-queue,skills/kfg-v4-0340-document-review-queue/SKILL.md,262004c31eb7b66640cf2809218a703f220dde17ca5b8716bb25d644e4fb04d5,ed9c0e6e68308961093234a96ec5ce10325dd004ab86f887a4c6c391b5c73e7f,ed9c0e6e68308961093234a96ec5ce10325dd004ab86f887a4c6c391b5c73e7f,ed9c0e6e68308961093234a96ec5ce10325dd004ab86f887a4c6c391b5c73e7f,krom-instruction-raw-utf8-v1,LEGACY_UNPROVEN,KROM Forge v4.2 supplied manifest.json; retained without revalidation
kfg-v4-0341-path-traversal-boundary,skills/kfg-v4-0341-path-traversal-boundary/SKILL.md,47303cda3a8880ea61aa7ff7778ae8aca2266a818edeb1a8cbd3f67bfe8a3daf,c5e4d9f18fe23bfa9744da86cd332e22aaf272db6edefc4cfe4ebc1fc515b11c,c5e4d9f18fe23bfa9744da86cd332e22aaf272db6edefc4cfe4ebc1fc515b11c,c5e4d9f18fe23bfa9744da86cd332e22aaf272db6edefc4cfe4ebc1fc515b11c,krom-instruction-raw-utf8-v1,LEGACY_UNPROVEN,KROM Forge v4.2 supplied manifest.json; retained without revalidation
kfg-v4-0342-zip-slip-defense,skills/kfg-v4-0342-zip-slip-defense/SKILL.md,679e6efcda50d7971c2c3828113adb554fa02041cda11579f5813e9bc0d4558f,aad05afd05de99d84f492176f8085b017876c99f258f6c124047e051bfce0e75,aad05afd05de99d84f492176f8085b017876c99f258f6c124047e051bfce0e75,aad05afd05de99d84f492176f8085b017876c99f258f6c124047e051bfce0e75,krom-instruction-raw-utf8-v1,LEGACY_UNPROVEN,KROM Forge v4.2 supplied manifest.json; retained without revalidation
kfg-v4-0343-file-type-content-sniffing,skills/kfg-v4-0343-file-type-content-sniffing/SKILL.md,56708b4c2d3c77df0a0ca193c8881fcfc9916a3cc49795dd9536f7e173ea9506,e56317e7c84ff0fbb337d4a6ffe967211cd7416cc3f65575c57bacb8dba2a45a,e56317e7c84ff0fbb337d4a6ffe967211cd7416cc3f65575c57bacb8dba2a45a,e56317e7c84ff0fbb337d4a6ffe967211cd7416cc3f65575c57bacb8dba2a45a,krom-instruction-raw-utf8-v1,LEGACY_UNPROVEN,KROM Forge v4.2 supplied manifest.json; retained without revalidation
kfg-v4-0344-resumable-upload-integrity,skills/kfg-v4-0344-resumable-upload-integrity/SKILL.md,32f2179413dcef20898e9a4233c5bb8b89d24a70c8303c561eb08af5c58b8350,680ef904cd1369d283f4c38e2bd51ed3a8e1ea5fa7ffe66655b6b403fe44f008,680ef904cd1369d283f4c38e2bd51ed3a8e1ea5fa7ffe66655b6b403fe44f008,680ef904cd1369d283f4c38e2bd51ed3a8e1ea5fa7ffe66655b6b403fe44f008,krom-instruction-raw-utf8-v1,LEGACY_UNPROVEN,KROM Forge v4.2 supplied manifest.json; retained without revalidation
kfg-v4-0345-file-retention-policy,skills/kfg-v4-0345-file-retention-policy/SKILL.md,14ed763f19ae48d6e6f805f5dc5c051e8c63b37336faee475c2fab9bc8ddd6ab,ec71b35c11c55a00a5d4db3259d14d34cbd6f58e0a772c420e9053649bbc15b3,ec71b35c11c55a00a5d4db3259d14d34cbd6f58e0a772c420e9053649bbc15b3,ec71b35c11c55a00a5d4db3259d14d34cbd6f58e0a772c420e9053649bbc15b3,krom-instruction-raw-utf8-v1,LEGACY_UNPROVEN,KROM Forge v4.2 supplied manifest.json; retained without revalidation
kfg-v4-0346-pdf-font-embedding-audit,skills/kfg-v4-0346-pdf-font-embedding-audit/SKILL.md,013a3f2aaf3a3b6eec1a565728561e436e2f764a080f017d0278f90bf99ad4f0,0c8566e487aa2d5324fd3aa06fea993fb544551e7a477c532a847d1e48e00119,0c8566e487aa2d5324fd3aa06fea993fb544551e7a477c532a847d1e48e00119,0c8566e487aa2d5324fd3aa06fea993fb544551e7a477c532a847d1e48e00119,krom-instruction-raw-utf8-v1,LEGACY_UNPROVEN,KROM Forge v4.2 supplied manifest.json; retained without revalidation
kfg-v4-0347-pdf-accessibility-structure,skills/kfg-v4-0347-pdf-accessibility-structure/SKILL.md,f42385a2ca3a41ec8c9c4081218d7b90087a194e2a2b6765cbdb263e728c3d8d,b44e1102f580a5dc545e24a17b2b62595f95835821983da9fad301a182462d94,b44e1102f580a5dc545e24a17b2b62595f95835821983da9fad301a182462d94,b44e1102f580a5dc545e24a17b2b62595f95835821983da9fad301a182462d94,krom-instruction-raw-utf8-v1,LEGACY_UNPROVEN,KROM Forge v4.2 supplied manifest.json; retained without revalidation
kfg-v4-0348-pdf-signature-validation,skills/kfg-v4-0348-pdf-signature-validation/SKILL.md,3d6b5ddc88222458a10aa4f0d172fa1c77c6e652d0c4eb6c80cdbd55f10fd38d,403588a85cc01fa12fddf5256b5eaa2f38c54bbb7548b717ccdd56da1f9d4d40,403588a85cc01fa12fddf5256b5eaa2f38c54bbb7548b717ccdd56da1f9d4d40,403588a85cc01fa12fddf5256b5eaa2f38c54bbb7548b717ccdd56da1f9d4d40,krom-instruction-raw-utf8-v1,LEGACY_UNPROVEN,KROM Forge v4.2 supplied manifest.json; retained without revalidation
kfg-v4-0349-pdf-rendering-diff,skills/kfg-v4-0349-pdf-rendering-diff/SKILL.md,684c1e650f3c71cd3c82c8ca4a5058c49b5a997b6b5c0698057657d8ab73f08e,da5e284e08792b66686b77788e84e526195337abe9ac956ed89db16e4f4f3de1,da5e284e08792b66686b77788e84e526195337abe9ac956ed89db16e4f4f3de1,da5e284e08792b66686b77788e84e526195337abe9ac956ed89db16e4f4f3de1,krom-instruction-raw-utf8-v1,LEGACY_UNPROVEN,KROM Forge v4.2 supplied manifest.json; retained without revalidation
kfg-v4-0350-pdf-long-document-pagination,skills/kfg-v4-0350-pdf-long-document-pagination/SKILL.md,e1f837687b4fa094caa18e4924681930cbb004260ea2c5d5b84ec0e4a5f356df,0f3f5582eb1f77496b8914cf942c9a6b0ece19dc8df6a6e0a6900ddc3be0fcc7,0f3f5582eb1f77496b8914cf942c9a6b0ece19dc8df6a6e0a6900ddc3be0fcc7,0f3f5582eb1f77496b8914cf942c9a6b0ece19dc8df6a6e0a6900ddc3be0fcc7,krom-instruction-raw-utf8-v1,LEGACY_UNPROVEN,KROM Forge v4.2 supplied manifest.json; retained without revalidation
kfg-v4-0351-spreadsheet-formula-lineage,skills/kfg-v4-0351-spreadsheet-formula-lineage/SKILL.md,cc456c7a50e8c7d68a8685d6d95418d9957b4f7eadce5b09940eaf33b4df1513,25328f997ccd60fdface7186e113d874899fd7c7c723da4c131a2eaaf1feb74a,25328f997ccd60fdface7186e113d874899fd7c7c723da4c131a2eaaf1feb74a,25328f997ccd60fdface7186e113d874899fd7c7c723da4c131a2eaaf1feb74a,krom-instruction-raw-utf8-v1,LEGACY_UNPROVEN,KROM Forge v4.2 supplied manifest.json; retained without revalidation
kfg-v4-0352-workbook-external-link-audit,skills/kfg-v4-0352-workbook-external-link-audit/SKILL.md,5a92c25ce8e905f44bc7183854b521539a87217386d47662eb4c3111840b45a5,12855a12fe6d5fa4f921b5a0fcfdb333f35d282d638403a336d04108902c1c3a,12855a12fe6d5fa4f921b5a0fcfdb333f35d282d638403a336d04108902c1c3a,12855a12fe6d5fa4f921b5a0fcfdb333f35d282d638403a336d04108902c1c3a,krom-instruction-raw-utf8-v1,LEGACY_UNPROVEN,KROM Forge v4.2 supplied manifest.json; retained without revalidation
kfg-v4-0353-excel-import-type-safety,skills/kfg-v4-0353-excel-import-type-safety/SKILL.md,1c8d7a3b01ee8046dcd7cd39390c13af4435f920d12d43405855d0d8975a2451,03b36b74812d47fda8e2a690819c5704765b776c2451381d8a0541b449f04f75,03b36b74812d47fda8e2a690819c5704765b776c2451381d8a0541b449f04f75,03b36b74812d47fda8e2a690819c5704765b776c2451381d8a0541b449f04f75,krom-instruction-raw-utf8-v1,LEGACY_UNPROVEN,KROM Forge v4.2 supplied manifest.json; retained without revalidation
kfg-v4-0354-spreadsheet-protected-range,skills/kfg-v4-0354-spreadsheet-protected-range/SKILL.md,0aec75fdf4e4fc80df507e93e4a9e27604e602ac144a183f44cda57b8816dea1,3e23e4302980e9bca5630ae5c984a145f11ef70bfed121b259cc3429493527d1,3e23e4302980e9bca5630ae5c984a145f11ef70bfed121b259cc3429493527d1,3e23e4302980e9bca5630ae5c984a145f11ef70bfed121b259cc3429493527d1,krom-instruction-raw-utf8-v1,LEGACY_UNPROVEN,KROM Forge v4.2 supplied manifest.json; retained without revalidation
kfg-v4-0355-excel-calculation-reproducibility,skills/kfg-v4-0355-excel-calculation-reproducibility/SKILL.md,018d13d6ac72085c786bd7480ee7ed53f37819dd58e6e96474d78961b88e0ae0,ad47ce8f8b892d94fcc69227dbf872f91441d2bcd33f29f5185e2fc7108ca738,ad47ce8f8b892d94fcc69227dbf872f91441d2bcd33f29f5185e2fc7108ca738,ad47ce8f8b892d94fcc69227dbf872f91441d2bcd33f29f5185e2fc7108ca738,krom-instruction-raw-utf8-v1,LEGACY_UNPROVEN,KROM Forge v4.2 supplied manifest.json; retained without revalidation
kfg-v4-0356-image-metadata-privacy,skills/kfg-v4-0356-image-metadata-privacy/SKILL.md,3196b214edc7cf09ed0ff9a7e0821f219014fdb033adea0d1994b57e5da42b60,050779dfe251f994a0a2bd2cd5f5cdd37f31d2d146b8332696b01c92d6381270,050779dfe251f994a0a2bd2cd5f5cdd37f31d2d146b8332696b01c92d6381270,050779dfe251f994a0a2bd2cd5f5cdd37f31d2d146b8332696b01c92d6381270,krom-instruction-raw-utf8-v1,LEGACY_UNPROVEN,KROM Forge v4.2 supplied manifest.json; retained without revalidation
kfg-v4-0357-image-transform-quality,skills/kfg-v4-0357-image-transform-quality/SKILL.md,1a4544b851ea6bd9780514ce4e602c744f81b60a7be7c9b482406328faa183d8,b8b8e2df278d5f656dd398a24614282b4286c5ef2b6af22195238949f8fbd523,b8b8e2df278d5f656dd398a24614282b4286c5ef2b6af22195238949f8fbd523,b8b8e2df278d5f656dd398a24614282b4286c5ef2b6af22195238949f8fbd523,krom-instruction-raw-utf8-v1,LEGACY_UNPROVEN,KROM Forge v4.2 supplied manifest.json; retained without revalidation
kfg-v4-0358-responsive-image-budget,skills/kfg-v4-0358-responsive-image-budget/SKILL.md,722aeb9aa1bda4d2117e70b1c0305330397f617b64900fd843ff2c55462058a8,b272f870b46a1075451bf27377f163d58f30aae63d768378f3f6509dc657dbf2,b272f870b46a1075451bf27377f163d58f30aae63d768378f3f6509dc657dbf2,b272f870b46a1075451bf27377f163d58f30aae63d768378f3f6509dc657dbf2,krom-instruction-raw-utf8-v1,LEGACY_UNPROVEN,KROM Forge v4.2 supplied manifest.json; retained without revalidation
kfg-v4-0359-image-upload-malware-boundary,skills/kfg-v4-0359-image-upload-malware-boundary/SKILL.md,da88405a03a80ec1c0e24e9f0eeddc6de8f8cc313c8c026f1c2b16fb9ad41adb,0ef6af862d78e6f36dbfee3a7a9e032f15506575d8bc7fa6f3ad4815f5dcb943,0ef6af862d78e6f36dbfee3a7a9e032f15506575d8bc7fa6f3ad4815f5dcb943,0ef6af862d78e6f36dbfee3a7a9e032f15506575d8bc7fa6f3ad4815f5dcb943,krom-instruction-raw-utf8-v1,LEGACY_UNPROVEN,KROM Forge v4.2 supplied manifest.json; retained without revalidation
kfg-v4-0360-image-color-profile-consistency,skills/kfg-v4-0360-image-color-profile-consistency/SKILL.md,88d35502dbae09060522c48665be3324b47c204d3a2aa0571a57ab7d51eb3e91,ecad07e39792a08c8f4c0d265fd2a8765e004bbeb34832e05b1b2c08a5bc3538,ecad07e39792a08c8f4c0d265fd2a8765e004bbeb34832e05b1b2c08a5bc3538,ecad07e39792a08c8f4c0d265fd2a8765e004bbeb34832e05b1b2c08a5bc3538,krom-instruction-raw-utf8-v1,LEGACY_UNPROVEN,KROM Forge v4.2 supplied manifest.json; retained without revalidation
kfg-v4-0361-video-transcode-ladder,skills/kfg-v4-0361-video-transcode-ladder/SKILL.md,954f9ebb2b9b77f1bad1a26318bff165568d046bd0a179014bd265a072e0ce51,34d2c743af3ed6bfda9291b7b17dc1d9a9ef23b9d1f9e9fe8c8181e16da58d8d,34d2c743af3ed6bfda9291b7b17dc1d9a9ef23b9d1f9e9fe8c8181e16da58d8d,34d2c743af3ed6bfda9291b7b17dc1d9a9ef23b9d1f9e9fe8c8181e16da58d8d,krom-instruction-raw-utf8-v1,LEGACY_UNPROVEN,KROM Forge v4.2 supplied manifest.json; retained without revalidation
kfg-v4-0362-video-segment-integrity,skills/kfg-v4-0362-video-segment-integrity/SKILL.md,60a5c85d824a1c48ad681c5103810e8ab590eecacc420d86cdc6441b4ec545de,dd18987a9a220f12be134b03b8986806264cd64689e8766c664b449058af8051,dd18987a9a220f12be134b03b8986806264cd64689e8766c664b449058af8051,dd18987a9a220f12be134b03b8986806264cd64689e8766c664b449058af8051,krom-instruction-raw-utf8-v1,LEGACY_UNPROVEN,KROM Forge v4.2 supplied manifest.json; retained without revalidation
kfg-v4-0363-subtitle-timing-validator,skills/kfg-v4-0363-subtitle-timing-validator/SKILL.md,fc93ca787c08600666f27d659000e4608dcb487d4e1e12fb99ec9b600783044b,7e49c16be405874a9360effe1caa7ba1385951a9c8c6bc84812e1e8a5b740f8c,7e49c16be405874a9360effe1caa7ba1385951a9c8c6bc84812e1e8a5b740f8c,7e49c16be405874a9360effe1caa7ba1385951a9c8c6bc84812e1e8a5b740f8c,krom-instruction-raw-utf8-v1,LEGACY_UNPROVEN,KROM Forge v4.2 supplied manifest.json; retained without revalidation
kfg-v4-0364-video-retention-policy,skills/kfg-v4-0364-video-retention-policy/SKILL.md,3e0b049a058fb87e17b2f4b70be10c735528bdbb78d899d357b4189db2e867c3,25991b605a15c8862bbd1c5d402e0d7aeaa2439b8f1a4a3dd18aebfa9d24b7cf,25991b605a15c8862bbd1c5d402e0d7aeaa2439b8f1a4a3dd18aebfa9d24b7cf,25991b605a15c8862bbd1c5d402e0d7aeaa2439b8f1a4a3dd18aebfa9d24b7cf,krom-instruction-raw-utf8-v1,LEGACY_UNPROVEN,KROM Forge v4.2 supplied manifest.json; retained without revalidation
kfg-v4-0365-streaming-startup-budget,skills/kfg-v4-0365-streaming-startup-budget/SKILL.md,10132efa709661dad1a64e46ceced185590d5038658ed1cc2852e2be003e5f71,9df22fab832f5e44f8e88985599c97ea6c46b63d41ff1db34b2f69e7edc52a64,9df22fab832f5e44f8e88985599c97ea6c46b63d41ff1db34b2f69e7edc52a64,9df22fab832f5e44f8e88985599c97ea6c46b63d41ff1db34b2f69e7edc52a64,krom-instruction-raw-utf8-v1,LEGACY_UNPROVEN,KROM Forge v4.2 supplied manifest.json; retained without revalidation
kfg-v4-0366-audio-transcription-confidence,skills/kfg-v4-0366-audio-transcription-confidence/SKILL.md,109ada1a2c7b38c1fe6140395cb442a60ee5214d0575c3be3f30ed2612fe89e9,0abd7e797b4f088bc150cc40634542b064706485fa812ae669f7c27fce397ca3,0abd7e797b4f088bc150cc40634542b064706485fa812ae669f7c27fce397ca3,0abd7e797b4f088bc150cc40634542b064706485fa812ae669f7c27fce397ca3,krom-instruction-raw-utf8-v1,LEGACY_UNPROVEN,KROM Forge v4.2 supplied manifest.json; retained without revalidation
kfg-v4-0367-audio-redaction-boundary,skills/kfg-v4-0367-audio-redaction-boundary/SKILL.md,28ae12a08b98c3fa23c50cb14ea519db4c4a9e0c4d2a28b7186a6cf2ccfdce70,2e03c0c0d3354196378cf34b54521b2ac1e6b3eafe26b68df9db661871fbbe75,2e03c0c0d3354196378cf34b54521b2ac1e6b3eafe26b68df9db661871fbbe75,2e03c0c0d3354196378cf34b54521b2ac1e6b3eafe26b68df9db661871fbbe75,krom-instruction-raw-utf8-v1,LEGACY_UNPROVEN,KROM Forge v4.2 supplied manifest.json; retained without revalidation
kfg-v4-0368-audio-loudness-normalization,skills/kfg-v4-0368-audio-loudness-normalization/SKILL.md,dd574abbc391361f1980375e2b5cd6c9782aa2dca3647a91d594de422fd7a2a9,932e9ec5d4a2ec3bf318320fb45f8d557f248c69cad2dd23b49a8b8d62435c64,932e9ec5d4a2ec3bf318320fb45f8d557f248c69cad2dd23b49a8b8d62435c64,932e9ec5d4a2ec3bf318320fb45f8d557f248c69cad2dd23b49a8b8d62435c64,krom-instruction-raw-utf8-v1,LEGACY_UNPROVEN,KROM Forge v4.2 supplied manifest.json; retained without revalidation
kfg-v4-0369-audio-segment-index,skills/kfg-v4-0369-audio-segment-index/SKILL.md,1fc6ec3c0ee5b3f15c31a9378eeeabc1f01d128d67bb42d71e6e937a0578e3b4,78cb5929c460b3df44c74da44395666afba6e3137b84fe945ce98380929e7e82,78cb5929c460b3df44c74da44395666afba6e3137b84fe945ce98380929e7e82,78cb5929c460b3df44c74da44395666afba6e3137b84fe945ce98380929e7e82,krom-instruction-raw-utf8-v1,LEGACY_UNPROVEN,KROM Forge v4.2 supplied manifest.json; retained without revalidation
kfg-v4-0370-voice-consent-evidence,skills/kfg-v4-0370-voice-consent-evidence/SKILL.md,878c5b43c12853ad2798cbdf7e65cd0b13fe4136433c88993a21c075466d2a6a,257d954816b42ef4df8426b10f6723c1d76bda5205f21046a767d531bd46de5f,257d954816b42ef4df8426b10f6723c1d76bda5205f21046a767d531bd46de5f,257d954816b42ef4df8426b10f6723c1d76bda5205f21046a767d531bd46de5f,krom-instruction-raw-utf8-v1,LEGACY_UNPROVEN,KROM Forge v4.2 supplied manifest.json; retained without revalidation
kfg-v4-0371-keyboard-flow-coverage,skills/kfg-v4-0371-keyboard-flow-coverage/SKILL.md,84ed73c883f82c4a2649551fe79c297474575a6ed882383ff99203498e8156d6,dee98d960909e55dc6d68281e8db1f3f165cbb0efc8e406dad573314db63c441,dee98d960909e55dc6d68281e8db1f3f165cbb0efc8e406dad573314db63c441,dee98d960909e55dc6d68281e8db1f3f165cbb0efc8e406dad573314db63c441,krom-instruction-raw-utf8-v1,LEGACY_UNPROVEN,KROM Forge v4.2 supplied manifest.json; retained without revalidation
kfg-v4-0372-screen-reader-name-computation,skills/kfg-v4-0372-screen-reader-name-computation/SKILL.md,bc159e243e5e1e5c21366c6d4c60c6fd137f4f60fe185582b7f841085382ecde,30166677535ef7d656b6de7801a8d3f3b820fafba6fe76181718bb418325ab46,30166677535ef7d656b6de7801a8d3f3b820fafba6fe76181718bb418325ab46,30166677535ef7d656b6de7801a8d3f3b820fafba6fe76181718bb418325ab46,krom-instruction-raw-utf8-v1,LEGACY_UNPROVEN,KROM Forge v4.2 supplied manifest.json; retained without revalidation
kfg-v4-0373-focus-trap-correctness,skills/kfg-v4-0373-focus-trap-correctness/SKILL.md,92021d9029f4f3f46b4fe488008ab8236d184aad95253821148c99819e9d04dd,647b0725fa619d01ae94552f43a6554ec96fe02a4379313a1069a59f59fcc619,647b0725fa619d01ae94552f43a6554ec96fe02a4379313a1069a59f59fcc619,647b0725fa619d01ae94552f43a6554ec96fe02a4379313a1069a59f59fcc619,krom-instruction-raw-utf8-v1,LEGACY_UNPROVEN,KROM Forge v4.2 supplied manifest.json; retained without revalidation
kfg-v4-0374-accessible-error-recovery,skills/kfg-v4-0374-accessible-error-recovery/SKILL.md,7892910668ea60008f9bc34d290f92e9e88d4ce62068d9602bf3ff7362fc9378,9076cd20886239da0046f4ed94fdd32822d82ccb0a91f91365405812015209bb,9076cd20886239da0046f4ed94fdd32822d82ccb0a91f91365405812015209bb,9076cd20886239da0046f4ed94fdd32822d82ccb0a91f91365405812015209bb,krom-instruction-raw-utf8-v1,LEGACY_UNPROVEN,KROM Forge v4.2 supplied manifest.json; retained without revalidation
kfg-v4-0375-wcag-evidence-matrix,skills/kfg-v4-0375-wcag-evidence-matrix/SKILL.md,d5f6a277ea8ada0eb72c5453ffb83cf69fa31a3700ca0acaf42218b9bc1fbce5,9d7661a22783cc43cd2e0f5268410eeda27214eea97e0c2222df9aed83308232,9d7661a22783cc43cd2e0f5268410eeda27214eea97e0c2222df9aed83308232,9d7661a22783cc43cd2e0f5268410eeda27214eea97e0c2222df9aed83308232,krom-instruction-raw-utf8-v1,LEGACY_UNPROVEN,KROM Forge v4.2 supplied manifest.json; retained without revalidation
kfg-v4-0376-bidi-isolation-auditor,skills/kfg-v4-0376-bidi-isolation-auditor/SKILL.md,509e3ca7cc417f55789b4237c6bad5dbba6d4aafb7f2069be404848f8ef4b761,074726befffe4ddf1b4c6cd9ac1d320371679e94183864e9e3bf5135714cea04,074726befffe4ddf1b4c6cd9ac1d320371679e94183864e9e3bf5135714cea04,074726befffe4ddf1b4c6cd9ac1d320371679e94183864e9e3bf5135714cea04,krom-instruction-raw-utf8-v1,LEGACY_UNPROVEN,KROM Forge v4.2 supplied manifest.json; retained without revalidation
kfg-v4-0377-rtl-number-formatting,skills/kfg-v4-0377-rtl-number-formatting/SKILL.md,ea9028b33021febd54ec55681fac513166bef87890ce5985be3030a83151cc34,048cdfb67c983599a2733e6eda8d7f76d917cdf9ae411c6712f599a079e1df02,048cdfb67c983599a2733e6eda8d7f76d917cdf9ae411c6712f599a079e1df02,048cdfb67c983599a2733e6eda8d7f76d917cdf9ae411c6712f599a079e1df02,krom-instruction-raw-utf8-v1,LEGACY_UNPROVEN,KROM Forge v4.2 supplied manifest.json; retained without revalidation
kfg-v4-0378-rtl-table-column-order,skills/kfg-v4-0378-rtl-table-column-order/SKILL.md,0d05f0d5824812379a59bf954b25b2ca0344392837e4a1dad86784e150dfd7b9,2067da095b723528f31597b037a2f4f5fda56f58e7e84639d294b95be686cfc5,2067da095b723528f31597b037a2f4f5fda56f58e7e84639d294b95be686cfc5,2067da095b723528f31597b037a2f4f5fda56f58e7e84639d294b95be686cfc5,krom-instruction-raw-utf8-v1,LEGACY_UNPROVEN,KROM Forge v4.2 supplied manifest.json; retained without revalidation
kfg-v4-0379-arabic-placeholder-quality,skills/kfg-v4-0379-arabic-placeholder-quality/SKILL.md,277191bc2578907e1f1a1187abc374c3635b9af981df7f599a8482bc785d6ca0,f3b9d149949c6d79386138d4f909980bdbff12501bf499d810ae021323eca565,f3b9d149949c6d79386138d4f909980bdbff12501bf499d810ae021323eca565,f3b9d149949c6d79386138d4f909980bdbff12501bf499d810ae021323eca565,krom-instruction-raw-utf8-v1,LEGACY_UNPROVEN,KROM Forge v4.2 supplied manifest.json; retained without revalidation
kfg-v4-0380-rtl-print-layout,skills/kfg-v4-0380-rtl-print-layout/SKILL.md,f50e77bf7c4963a7e6b3c8b9652a53e160d6cfd63eda77a89f20a47c21b7c197,22688cee0c033ed3bdd2e027f600516a414e6a833d8473ec756aabface00ce12,22688cee0c033ed3bdd2e027f600516a414e6a833d8473ec756aabface00ce12,22688cee0c033ed3bdd2e027f600516a414e6a833d8473ec756aabface00ce12,krom-instruction-raw-utf8-v1,LEGACY_UNPROVEN,KROM Forge v4.2 supplied manifest.json; retained without revalidation
kfg-v4-0381-translation-key-lifecycle,skills/kfg-v4-0381-translation-key-lifecycle/SKILL.md,5cd16ba2d9575181d7ed86bc5e2adff5d375a285f11fa28a449c04f4c90e5ff9,38a317c20812fc2205dc8961cfb322db5619e91f327e806833849fa1e4f38d53,38a317c20812fc2205dc8961cfb322db5619e91f327e806833849fa1e4f38d53,38a317c20812fc2205dc8961cfb322db5619e91f327e806833849fa1e4f38d53,krom-instruction-raw-utf8-v1,LEGACY_UNPROVEN,KROM Forge v4.2 supplied manifest.json; retained without revalidation
kfg-v4-0382-locale-fallback-chain,skills/kfg-v4-0382-locale-fallback-chain/SKILL.md,0418e82344bca4248630be55f460f4b271ae604cfc0cd28d719317ed88cbe3d6,5aa248001db86d1b98f2cef289e51fd3d682540426422fe3aab6b4f21c002f66,5aa248001db86d1b98f2cef289e51fd3d682540426422fe3aab6b4f21c002f66,5aa248001db86d1b98f2cef289e51fd3d682540426422fe3aab6b4f21c002f66,krom-instruction-raw-utf8-v1,LEGACY_UNPROVEN,KROM Forge v4.2 supplied manifest.json; retained without revalidation
kfg-v4-0383-pluralization-rule-audit,skills/kfg-v4-0383-pluralization-rule-audit/SKILL.md,ab59320c44700d435ab262970b35fb1435e22bf8548ddcd4900d384e0341d11c,52b21044c4b60925dd4a42f83fef33a34ad5dc87bf1bd7609faeccf81734879e,52b21044c4b60925dd4a42f83fef33a34ad5dc87bf1bd7609faeccf81734879e,52b21044c4b60925dd4a42f83fef33a34ad5dc87bf1bd7609faeccf81734879e,krom-instruction-raw-utf8-v1,LEGACY_UNPROVEN,KROM Forge v4.2 supplied manifest.json; retained without revalidation
kfg-v4-0384-timezone-display-contract,skills/kfg-v4-0384-timezone-display-contract/SKILL.md,77e273011e215290644ece80c8c8328a85d813420f09042f1179afd23d1b74f7,3912af8236e2e89088efe2ac380cae68c616a9b187056ecdb966dd0e8ce1d08b,3912af8236e2e89088efe2ac380cae68c616a9b187056ecdb966dd0e8ce1d08b,3912af8236e2e89088efe2ac380cae68c616a9b187056ecdb966dd0e8ce1d08b,krom-instruction-raw-utf8-v1,LEGACY_UNPROVEN,KROM Forge v4.2 supplied manifest.json; retained without revalidation
kfg-v4-0385-localization-release-gate,skills/kfg-v4-0385-localization-release-gate/SKILL.md,8e3518a815a126c5b0d1c3d4471e48632450d578e7a2b2c897eb1400250cc8d2,5209e3297ed6629db20eb7995da5d0ca38808efffbd9bc2fef572563ad090ed2,5209e3297ed6629db20eb7995da5d0ca38808efffbd9bc2fef572563ad090ed2,5209e3297ed6629db20eb7995da5d0ca38808efffbd9bc2fef572563ad090ed2,krom-instruction-raw-utf8-v1,LEGACY_UNPROVEN,KROM Forge v4.2 supplied manifest.json; retained without revalidation
kfg-v4-0386-arabic-search-normalization,skills/kfg-v4-0386-arabic-search-normalization/SKILL.md,d26b30b96d21b3f380ff8f05e9cfc1e4a6abd5cb58a481026e761541293cb70c,6468d1a2732ef22733197716fa02d080dea2f7352261ed1b5a390152c938f67c,6468d1a2732ef22733197716fa02d080dea2f7352261ed1b5a390152c938f67c,6468d1a2732ef22733197716fa02d080dea2f7352261ed1b5a390152c938f67c,krom-instruction-raw-utf8-v1,LEGACY_UNPROVEN,KROM Forge v4.2 supplied manifest.json; retained without revalidation
kfg-v4-0387-arabic-font-fallback,skills/kfg-v4-0387-arabic-font-fallback/SKILL.md,adcc315e1f857deeb5e1a55ce5b422507901cb2dd46349e9f41a3b216478c8a1,8cbce7cad264d2d1a818eb9fc0e3de7917f3d266b4b8ce1e753e379058d2a3b3,8cbce7cad264d2d1a818eb9fc0e3de7917f3d266b4b8ce1e753e379058d2a3b3,8cbce7cad264d2d1a818eb9fc0e3de7917f3d266b4b8ce1e753e379058d2a3b3,krom-instruction-raw-utf8-v1,LEGACY_UNPROVEN,KROM Forge v4.2 supplied manifest.json; retained without revalidation
kfg-v4-0388-arabic-date-hijri-gregorian,skills/kfg-v4-0388-arabic-date-hijri-gregorian/SKILL.md,db039c04827771e666df11bfa1457e52d6bc25382ed428ba59c36f26e1c4d350,6ba09e9064504b8e42ae51f34e8b2ff51e59dfdf88407920e8e6cc4018d1d1b6,6ba09e9064504b8e42ae51f34e8b2ff51e59dfdf88407920e8e6cc4018d1d1b6,6ba09e9064504b8e42ae51f34e8b2ff51e59dfdf88407920e8e6cc4018d1d1b6,krom-instruction-raw-utf8-v1,LEGACY_UNPROVEN,KROM Forge v4.2 supplied manifest.json; retained without revalidation
kfg-v4-0389-arabic-mixed-script-security,skills/kfg-v4-0389-arabic-mixed-script-security/SKILL.md,c9c872c33808afa08712323f25cf1869385193e4422b5bc280aa2754f4f70fc5,0dea641dec45450320959b3098e5ba9b6b124e44b0b122be5df9a985def1ee16,0dea641dec45450320959b3098e5ba9b6b124e44b0b122be5df9a985def1ee16,0dea641dec45450320959b3098e5ba9b6b124e44b0b122be5df9a985def1ee16,krom-instruction-raw-utf8-v1,LEGACY_UNPROVEN,KROM Forge v4.2 supplied manifest.json; retained without revalidation
kfg-v4-0390-arabic-content-quality,skills/kfg-v4-0390-arabic-content-quality/SKILL.md,a249cbb21aa27fb4c332e357f7492111d3f4cdb9e1981cc2679a64778981a1e1,b2ab67195f534b6380faee790d8d5cca2937489024edda7502f9bd9b53b7f377,b2ab67195f534b6380faee790d8d5cca2937489024edda7502f9bd9b53b7f377,b2ab67195f534b6380faee790d8d5cca2937489024edda7502f9bd9b53b7f377,krom-instruction-raw-utf8-v1,LEGACY_UNPROVEN,KROM Forge v4.2 supplied manifest.json; retained without revalidation
kfg-v4-0391-saudi-einvoice-integration,skills/kfg-v4-0391-saudi-einvoice-integration/SKILL.md,f47e27323acdf2377a6a87d6f5b9235f07d13c07ee9451fb0028432b4c66a4b1,29127738aa8fb6d6cc657a169637296c5cf693966c297c1e26952c2eda115fac,29127738aa8fb6d6cc657a169637296c5cf693966c297c1e26952c2eda115fac,29127738aa8fb6d6cc657a169637296c5cf693966c297c1e26952c2eda115fac,krom-instruction-raw-utf8-v1,LEGACY_UNPROVEN,KROM Forge v4.2 supplied manifest.json; retained without revalidation
kfg-v4-0392-nafath-style-identity-boundary,skills/kfg-v4-0392-nafath-style-identity-boundary/SKILL.md,78ded14a7ec9c765d1c34aeeba564db702f9be5654b8878d293544118c236f36,8def58137e03c23e26c796f7cfcb1fc244d2f41155cdd5626743ff4b8d2631c1,8def58137e03c23e26c796f7cfcb1fc244d2f41155cdd5626743ff4b8d2631c1,8def58137e03c23e26c796f7cfcb1fc244d2f41155cdd5626743ff4b8d2631c1,krom-instruction-raw-utf8-v1,LEGACY_UNPROVEN,KROM Forge v4.2 supplied manifest.json; retained without revalidation
kfg-v4-0393-saudi-data-residency-map,skills/kfg-v4-0393-saudi-data-residency-map/SKILL.md,4ebd061691b3cf33726c80f058ab7fd8e73196405510e06f0bb0ec617946ab9a,2a9be29207e23156a2cbef92ed3bbc6551a88f69bc81aecf825ef252d034643f,2a9be29207e23156a2cbef92ed3bbc6551a88f69bc81aecf825ef252d034643f,2a9be29207e23156a2cbef92ed3bbc6551a88f69bc81aecf825ef252d034643f,krom-instruction-raw-utf8-v1,LEGACY_UNPROVEN,KROM Forge v4.2 supplied manifest.json; retained without revalidation
kfg-v4-0394-arabic-regulatory-evidence,skills/kfg-v4-0394-arabic-regulatory-evidence/SKILL.md,7663daa23d71cb13f6935bbfb16f41d23acd1a99889c7b33244a33f914aa408b,1a70402e36fe4fcd7645689dd2094d013f2b8f75cf32bde7beb21c4bd22400c3,1a70402e36fe4fcd7645689dd2094d013f2b8f75cf32bde7beb21c4bd22400c3,1a70402e36fe4fcd7645689dd2094d013f2b8f75cf32bde7beb21c4bd22400c3,krom-instruction-raw-utf8-v1,LEGACY_UNPROVEN,KROM Forge v4.2 supplied manifest.json; retained without revalidation
kfg-v4-0395-ksa-workweek-calendar,skills/kfg-v4-0395-ksa-workweek-calendar/SKILL.md,7983a40869491de7b88b16927995bb518703285bf5fe86b99f0789c224900121,50accaec872888450ec5390b79cfb744d32098fdd8e71bda6c38ebf74419b8bd,50accaec872888450ec5390b79cfb744d32098fdd8e71bda6c38ebf74419b8bd,50accaec872888450ec5390b79cfb744d32098fdd8e71bda6c38ebf74419b8bd,krom-instruction-raw-utf8-v1,LEGACY_UNPROVEN,KROM Forge v4.2 supplied manifest.json; retained without revalidation
kfg-v4-0396-permit-to-work-state-model,skills/kfg-v4-0396-permit-to-work-state-model/SKILL.md,a43450144e8d86155113e7fb34675465ae2d1f64d84e95dc6c8336eb421bfe6f,4f4716452226d6780625febc04a73cc93c2568c6b96d69a81643c9f4e99e2809,4f4716452226d6780625febc04a73cc93c2568c6b96d69a81643c9f4e99e2809,4f4716452226d6780625febc04a73cc93c2568c6b96d69a81643c9f4e99e2809,krom-instruction-raw-utf8-v1,LEGACY_UNPROVEN,KROM Forge v4.2 supplied manifest.json; retained without revalidation
kfg-v4-0397-near-miss-leading-indicator,skills/kfg-v4-0397-near-miss-leading-indicator/SKILL.md,605ce0b5ff666ca46797887d6d1b44b3e5d37910eea8ef7ffcb6a1f37490deb2,1237d1c68f7a8d0d0078ab484f48e0f2c70ba14f73eb23d8085efe2fca19f48d,1237d1c68f7a8d0d0078ab484f48e0f2c70ba14f73eb23d8085efe2fca19f48d,1237d1c68f7a8d0d0078ab484f48e0f2c70ba14f73eb23d8085efe2fca19f48d,krom-instruction-raw-utf8-v1,LEGACY_UNPROVEN,KROM Forge v4.2 supplied manifest.json; retained without revalidation
kfg-v4-0398-capa-effectiveness-verifier,skills/kfg-v4-0398-capa-effectiveness-verifier/SKILL.md,856c24e1affad71320798bcc565d7975239b5da462434f0ac97ed4c47ab300dc,2859587f650459946544c0e3f70da99b3cdb67a115c954e80414024992728c62,2859587f650459946544c0e3f70da99b3cdb67a115c954e80414024992728c62,2859587f650459946544c0e3f70da99b3cdb67a115c954e80414024992728c62,krom-instruction-raw-utf8-v1,LEGACY_UNPROVEN,KROM Forge v4.2 supplied manifest.json; retained without revalidation
kfg-v4-0399-contractor-safety-qualification,skills/kfg-v4-0399-contractor-safety-qualification/SKILL.md,14eda767c4029413cac6d9904a1ba6c59851ae6010d4ed6b2c8373ccabcebb14,ebea101147a4f5561b4f629ff1b81b42081ddf15284ae921e4f04b9f4fa1a5d5,ebea101147a4f5561b4f629ff1b81b42081ddf15284ae921e4f04b9f4fa1a5d5,ebea101147a4f5561b4f629ff1b81b42081ddf15284ae921e4f04b9f4fa1a5d5,krom-instruction-raw-utf8-v1,LEGACY_UNPROVEN,KROM Forge v4.2 supplied manifest.json; retained without revalidation
kfg-v4-0400-safety-observation-trend,skills/kfg-v4-0400-safety-observation-trend/SKILL.md,776ae5a6c9580c9ca6aeff05220d0a237860717c9baef79bfa85e07020040286,07f0eec556e572b402e76671cce3c655dad6a41c519d9b31d5ae39db4abc2ff5,07f0eec556e572b402e76671cce3c655dad6a41c519d9b31d5ae39db4abc2ff5,07f0eec556e572b402e76671cce3c655dad6a41c519d9b31d5ae39db4abc2ff5,krom-instruction-raw-utf8-v1,LEGACY_UNPROVEN,KROM Forge v4.2 supplied manifest.json; retained without revalidation
kfg-v4-0401-production-schedule-feasibility,skills/kfg-v4-0401-production-schedule-feasibility/SKILL.md,d3d2e6ff14bc663bf61fe34294e8c4fb202099584b5585ed2fa33d69226417c6,661e926162123ff5ae9d38e8397461274df5aa4fbd78bf84dc80ab57695e7f81,661e926162123ff5ae9d38e8397461274df5aa4fbd78bf84dc80ab57695e7f81,661e926162123ff5ae9d38e8397461274df5aa4fbd78bf84dc80ab57695e7f81,krom-instruction-raw-utf8-v1,LEGACY_UNPROVEN,KROM Forge v4.2 supplied manifest.json; retained without revalidation
kfg-v4-0402-work-order-genealogy,skills/kfg-v4-0402-work-order-genealogy/SKILL.md,2f98bfccb44e80b2cad7eb83d045b04ede98d77faaf2718675d9473cb2986484,ef3f00367cacda1e3b7d86ff4aaae23aafb839a7aa52f88e509717bdb0891cad,ef3f00367cacda1e3b7d86ff4aaae23aafb839a7aa52f88e509717bdb0891cad,ef3f00367cacda1e3b7d86ff4aaae23aafb839a7aa52f88e509717bdb0891cad,krom-instruction-raw-utf8-v1,LEGACY_UNPROVEN,KROM Forge v4.2 supplied manifest.json; retained without revalidation
kfg-v4-0403-manufacturing-downtime-causal,skills/kfg-v4-0403-manufacturing-downtime-causal/SKILL.md,ed105bc3efd2f9064020cd71e75c2e3b55b88d35f26f012070056159a037677a,7292a550cb06984302504acbc88c1faab5161a9d8a27be6a43e54a8281d77c48,7292a550cb06984302504acbc88c1faab5161a9d8a27be6a43e54a8281d77c48,7292a550cb06984302504acbc88c1faab5161a9d8a27be6a43e54a8281d77c48,krom-instruction-raw-utf8-v1,LEGACY_UNPROVEN,KROM Forge v4.2 supplied manifest.json; retained without revalidation
kfg-v4-0404-process-parameter-control,skills/kfg-v4-0404-process-parameter-control/SKILL.md,5ceb7a47ada252becd040e591346eb3cd6a04507f69f0b5c79ad9b9d00d6732b,1f11bc0badb6a3c3ad163a60f0eebaef5fd80ceea518161a6433b242bba3c44e,1f11bc0badb6a3c3ad163a60f0eebaef5fd80ceea518161a6433b242bba3c44e,1f11bc0badb6a3c3ad163a60f0eebaef5fd80ceea518161a6433b242bba3c44e,krom-instruction-raw-utf8-v1,LEGACY_UNPROVEN,KROM Forge v4.2 supplied manifest.json; retained without revalidation
kfg-v4-0405-shop-floor-exception-routing,skills/kfg-v4-0405-shop-floor-exception-routing/SKILL.md,4dbeb1798ef06db2ebee4fad378b1110adcd7053fc8b9834b6a7e298a830edce,ffed6ee1539a89bcecc6feba6ab25cfbe8069d6d27178608700bd773e58ac5f4,ffed6ee1539a89bcecc6feba6ab25cfbe8069d6d27178608700bd773e58ac5f4,ffed6ee1539a89bcecc6feba6ab25cfbe8069d6d27178608700bd773e58ac5f4,krom-instruction-raw-utf8-v1,LEGACY_UNPROVEN,KROM Forge v4.2 supplied manifest.json; retained without revalidation
kfg-v4-0406-erp-posting-period-control,skills/kfg-v4-0406-erp-posting-period-control/SKILL.md,b350462143fa93d5514c9ca17b799f4ac636a9e37709dd58b00937efec03423a,3edb14eb6c6ae4e12e0cf5b3bb1c0b5e8d6fe9995812158eb83cffec658f82c1,3edb14eb6c6ae4e12e0cf5b3bb1c0b5e8d6fe9995812158eb83cffec658f82c1,3edb14eb6c6ae4e12e0cf5b3bb1c0b5e8d6fe9995812158eb83cffec658f82c1,krom-instruction-raw-utf8-v1,LEGACY_UNPROVEN,KROM Forge v4.2 supplied manifest.json; retained without revalidation
kfg-v4-0407-erp-master-data-change,skills/kfg-v4-0407-erp-master-data-change/SKILL.md,51f3ca65fd00463e00eb31b1187f969a56ee1522d25b7f66e3c91f280cbea2bc,978772ec6047a8134804ced37add73a902696413fd2d09b07373eb2f3cef3d11,978772ec6047a8134804ced37add73a902696413fd2d09b07373eb2f3cef3d11,978772ec6047a8134804ced37add73a902696413fd2d09b07373eb2f3cef3d11,krom-instruction-raw-utf8-v1,LEGACY_UNPROVEN,KROM Forge v4.2 supplied manifest.json; retained without revalidation
kfg-v4-0408-erp-intercompany-reconciliation,skills/kfg-v4-0408-erp-intercompany-reconciliation/SKILL.md,66aeb11082b3adf21b3b2ee5d7d9c82646f76e47aefbeb467cdd7981792b7a6e,51846db47351c9f7a9c1f3c6f93a663e5067113dd0dc34a4ca6caf94940879b1,51846db47351c9f7a9c1f3c6f93a663e5067113dd0dc34a4ca6caf94940879b1,51846db47351c9f7a9c1f3c6f93a663e5067113dd0dc34a4ca6caf94940879b1,krom-instruction-raw-utf8-v1,LEGACY_UNPROVEN,KROM Forge v4.2 supplied manifest.json; retained without revalidation
kfg-v4-0409-erp-approval-segregation,skills/kfg-v4-0409-erp-approval-segregation/SKILL.md,eabb61f81abd7a6cac7bc1f21e45c52fecab855a1e9558f940631c47420d8f4f,7167de0019703e49c00f326066fbe7bdb52a1b0cf775ea33a504619aea2504d7,7167de0019703e49c00f326066fbe7bdb52a1b0cf775ea33a504619aea2504d7,7167de0019703e49c00f326066fbe7bdb52a1b0cf775ea33a504619aea2504d7,krom-instruction-raw-utf8-v1,LEGACY_UNPROVEN,KROM Forge v4.2 supplied manifest.json; retained without revalidation
kfg-v4-0410-erp-close-readiness,skills/kfg-v4-0410-erp-close-readiness/SKILL.md,1b2c2cf306db9e147b347e3af10f59ac28cc761178b7c45aecabdea2780022cc,4e5f1841e746e96317a1d8fc569f2bfdc6429f1340d5ce59ec42b63fa1fe1c1c,4e5f1841e746e96317a1d8fc569f2bfdc6429f1340d5ce59ec42b63fa1fe1c1c,4e5f1841e746e96317a1d8fc569f2bfdc6429f1340d5ce59ec42b63fa1fe1c1c,krom-instruction-raw-utf8-v1,LEGACY_UNPROVEN,KROM Forge v4.2 supplied manifest.json; retained without revalidation
kfg-v4-0411-employee-lifecycle-integrity,skills/kfg-v4-0411-employee-lifecycle-integrity/SKILL.md,0e0dcc20bacf181ea91857e9536871b86f35de7ecb3fa13bcd29ab79ebce1329,b59437d67293461b3fb1d9bb875edf3286a12ae383dcf2b49243a350c18dc05b,b59437d67293461b3fb1d9bb875edf3286a12ae383dcf2b49243a350c18dc05b,b59437d67293461b3fb1d9bb875edf3286a12ae383dcf2b49243a350c18dc05b,krom-instruction-raw-utf8-v1,LEGACY_UNPROVEN,KROM Forge v4.2 supplied manifest.json; retained without revalidation
kfg-v4-0412-workforce-authorization-boundary,skills/kfg-v4-0412-workforce-authorization-boundary/SKILL.md,283315b80202b139f1e4da36b784d1094657fa5831226e2a42ac8098b3ccae2f,07848b3f6da8a3d621e6ee09f0a02b0fbee43879255db287c638e309bca3544f,07848b3f6da8a3d621e6ee09f0a02b0fbee43879255db287c638e309bca3544f,07848b3f6da8a3d621e6ee09f0a02b0fbee43879255db287c638e309bca3544f,krom-instruction-raw-utf8-v1,LEGACY_UNPROVEN,KROM Forge v4.2 supplied manifest.json; retained without revalidation
kfg-v4-0413-payroll-input-reconciliation,skills/kfg-v4-0413-payroll-input-reconciliation/SKILL.md,2b64f53bf6bf46965b0178fcf0e4f4cd7f2dcb950d45c2c6b994dd07f6d9102f,eeded974ecd5ce479f427fa9183c973d642b0699fad333416e507de7f3c67378,eeded974ecd5ce479f427fa9183c973d642b0699fad333416e507de7f3c67378,eeded974ecd5ce479f427fa9183c973d642b0699fad333416e507de7f3c67378,krom-instruction-raw-utf8-v1,LEGACY_UNPROVEN,KROM Forge v4.2 supplied manifest.json; retained without revalidation
kfg-v4-0414-hr-document-retention,skills/kfg-v4-0414-hr-document-retention/SKILL.md,39c9fed9a76d68009edddbbae6c81ec6bdd2351cce40ef6d64c9691e7f41db2e,855a098486c42679f887ea8abac60a47f4b4de9a5e93729a3d26734d522aa78b,855a098486c42679f887ea8abac60a47f4b4de9a5e93729a3d26734d522aa78b,855a098486c42679f887ea8abac60a47f4b4de9a5e93729a3d26734d522aa78b,krom-instruction-raw-utf8-v1,LEGACY_UNPROVEN,KROM Forge v4.2 supplied manifest.json; retained without revalidation
kfg-v4-0415-workforce-capacity-forecast,skills/kfg-v4-0415-workforce-capacity-forecast/SKILL.md,8aab856094f811b51e9b45d508379dcffd5bc2695523f66dc0df0eb1022e60c3,25942bcfd01be69a083ec765b8c65d4e967bd2534f0b560353f5abfd3f502f35,25942bcfd01be69a083ec765b8c65d4e967bd2534f0b560353f5abfd3f502f35,25942bcfd01be69a083ec765b8c65d4e967bd2534f0b560353f5abfd3f502f35,krom-instruction-raw-utf8-v1,LEGACY_UNPROVEN,KROM Forge v4.2 supplied manifest.json; retained without revalidation
kfg-v4-0416-cash-forecast-evidence,skills/kfg-v4-0416-cash-forecast-evidence/SKILL.md,a3110a6820096df98da8ae607f75bcfacae9630fb90ef24fef5853bb793fc8c4,f1af9935331b091252534eceeeadf87d4068c7a3c6024345258d106091537b7d,f1af9935331b091252534eceeeadf87d4068c7a3c6024345258d106091537b7d,f1af9935331b091252534eceeeadf87d4068c7a3c6024345258d106091537b7d,krom-instruction-raw-utf8-v1,LEGACY_UNPROVEN,KROM Forge v4.2 supplied manifest.json; retained without revalidation
kfg-v4-0417-revenue-recognition-traceability,skills/kfg-v4-0417-revenue-recognition-traceability/SKILL.md,f46f6d60986c87f293e448ecee2b8b5ad0ac6129a5464255771c1a1af9c3d271,d86c7345e9314506e33fe9d06ea8dfee35557376c31ba7245bf53242d702e915,d86c7345e9314506e33fe9d06ea8dfee35557376c31ba7245bf53242d702e915,d86c7345e9314506e33fe9d06ea8dfee35557376c31ba7245bf53242d702e915,krom-instruction-raw-utf8-v1,LEGACY_UNPROVEN,KROM Forge v4.2 supplied manifest.json; retained without revalidation
kfg-v4-0418-financial-close-control,skills/kfg-v4-0418-financial-close-control/SKILL.md,a4e6a64473dab99d105fa244f16c6e5ede4237965970d2b35cdb38734453adb5,b7cee3bad16546418ad04d59503b9b0bd5799d092ef13d736d843df1a8ebb79c,b7cee3bad16546418ad04d59503b9b0bd5799d092ef13d736d843df1a8ebb79c,b7cee3bad16546418ad04d59503b9b0bd5799d092ef13d736d843df1a8ebb79c,krom-instruction-raw-utf8-v1,LEGACY_UNPROVEN,KROM Forge v4.2 supplied manifest.json; retained without revalidation
kfg-v4-0419-payment-reconciliation-exceptions,skills/kfg-v4-0419-payment-reconciliation-exceptions/SKILL.md,689e6fa5988d5bd5bfba35823c6fd861151a75d068ca979610cf49d9ee1b7bf8,761400cb1ab714a5c238a480deb0b4b43399eaa719e979c5eabf253fd217e517,761400cb1ab714a5c238a480deb0b4b43399eaa719e979c5eabf253fd217e517,761400cb1ab714a5c238a480deb0b4b43399eaa719e979c5eabf253fd217e517,krom-instruction-raw-utf8-v1,LEGACY_UNPROVEN,KROM Forge v4.2 supplied manifest.json; retained without revalidation
kfg-v4-0420-budget-variance-explainer,skills/kfg-v4-0420-budget-variance-explainer/SKILL.md,b435514c2280dd7f5514a0ff87dd8551e7dc8d5107dfc42929efd7754128a877,7f1b66330ea5eb6aafbe512e53b69ea56c76048335f281b91934cb7fd1d567ac,7f1b66330ea5eb6aafbe512e53b69ea56c76048335f281b91934cb7fd1d567ac,7f1b66330ea5eb6aafbe512e53b69ea56c76048335f281b91934cb7fd1d567ac,krom-instruction-raw-utf8-v1,LEGACY_UNPROVEN,KROM Forge v4.2 supplied manifest.json; retained without revalidation
kfg-v4-0421-supplier-onboarding-controls,skills/kfg-v4-0421-supplier-onboarding-controls/SKILL.md,c5c8af9d5ffcff6e87b9175ba8c78197f85ed3be4b2dba6fc54fc9035655e6c6,9d6b08465ed9975f6ce658827e2e773102ceb424683ec8fd66f863267ccb83c1,9d6b08465ed9975f6ce658827e2e773102ceb424683ec8fd66f863267ccb83c1,9d6b08465ed9975f6ce658827e2e773102ceb424683ec8fd66f863267ccb83c1,krom-instruction-raw-utf8-v1,LEGACY_UNPROVEN,KROM Forge v4.2 supplied manifest.json; retained without revalidation
kfg-v4-0422-three-way-match-exception,skills/kfg-v4-0422-three-way-match-exception/SKILL.md,aeac88f3ddd07fad1afe54c25ad5ac852fed9911d18045e6a92233f1b6277928,f6b6bb33c5abf0bfc79f3e4ed6ce366754dbffd520f495fb6c8534f757be6993,f6b6bb33c5abf0bfc79f3e4ed6ce366754dbffd520f495fb6c8534f757be6993,f6b6bb33c5abf0bfc79f3e4ed6ce366754dbffd520f495fb6c8534f757be6993,krom-instruction-raw-utf8-v1,LEGACY_UNPROVEN,KROM Forge v4.2 supplied manifest.json; retained without revalidation
kfg-v4-0423-purchase-approval-routing,skills/kfg-v4-0423-purchase-approval-routing/SKILL.md,01d69a073c3d5fcfa060a25aae3c2983e549155ad94c1298043534fd1cf31bdb,e1d86482ae8d2c5a44d4c3692158e7a15ac0c337981b41e7114f3cf50998b4a3,e1d86482ae8d2c5a44d4c3692158e7a15ac0c337981b41e7114f3cf50998b4a3,e1d86482ae8d2c5a44d4c3692158e7a15ac0c337981b41e7114f3cf50998b4a3,krom-instruction-raw-utf8-v1,LEGACY_UNPROVEN,KROM Forge v4.2 supplied manifest.json; retained without revalidation
kfg-v4-0424-contract-spend-compliance,skills/kfg-v4-0424-contract-spend-compliance/SKILL.md,f3cfb5b0ccc8ace12efb89226afc26616e50d87e0e38cebdea45fcf09c01348e,b52efc2716b1e9f0bdabf8e3732fc8c85f1e31405bc94c6423f4b19b6f835e6d,b52efc2716b1e9f0bdabf8e3732fc8c85f1e31405bc94c6423f4b19b6f835e6d,b52efc2716b1e9f0bdabf8e3732fc8c85f1e31405bc94c6423f4b19b6f835e6d,krom-instruction-raw-utf8-v1,LEGACY_UNPROVEN,KROM Forge v4.2 supplied manifest.json; retained without revalidation
kfg-v4-0425-supplier-risk-score,skills/kfg-v4-0425-supplier-risk-score/SKILL.md,015a6721c518b0dc9ea42630c8c6a8a17a405f0ae83be9159190a24aa26e7860,69e90a918f829da46a13ba94f37b2157ccec3f8270bd8b11af1ba0d43e85fefb,69e90a918f829da46a13ba94f37b2157ccec3f8270bd8b11af1ba0d43e85fefb,69e90a918f829da46a13ba94f37b2157ccec3f8270bd8b11af1ba0d43e85fefb,krom-instruction-raw-utf8-v1,LEGACY_UNPROVEN,KROM Forge v4.2 supplied manifest.json; retained without revalidation
kfg-v4-0426-demand-signal-reconciliation,skills/kfg-v4-0426-demand-signal-reconciliation/SKILL.md,2898c663c73329e542354a7caf089e50cdca1e3730add2e255ccf25e480b69b8,cdae07eb48d1d64e42371b353878ed3440a39aed72d83be0b6e7316b7fb804cc,cdae07eb48d1d64e42371b353878ed3440a39aed72d83be0b6e7316b7fb804cc,cdae07eb48d1d64e42371b353878ed3440a39aed72d83be0b6e7316b7fb804cc,krom-instruction-raw-utf8-v1,LEGACY_UNPROVEN,KROM Forge v4.2 supplied manifest.json; retained without revalidation
kfg-v4-0427-supply-plan-constraint,skills/kfg-v4-0427-supply-plan-constraint/SKILL.md,dba2666ef1f227ae411fccf537967623d45b6c2d2aa54683f6839de86fc0472b,b302b022ee2926d936dd7289848b7d50b96fc25c4e47a2610c62302da6e69f2d,b302b022ee2926d936dd7289848b7d50b96fc25c4e47a2610c62302da6e69f2d,b302b022ee2926d936dd7289848b7d50b96fc25c4e47a2610c62302da6e69f2d,krom-instruction-raw-utf8-v1,LEGACY_UNPROVEN,KROM Forge v4.2 supplied manifest.json; retained without revalidation
kfg-v4-0428-lead-time-confidence,skills/kfg-v4-0428-lead-time-confidence/SKILL.md,4537c2c20636ca8ef40715523ff310657ed4c1937af658b732ae00991ab8d1d1,1c9aa066573e66d2dff98efc4cc81d28c37ab3e5a7e204bc870cc805808d914d,1c9aa066573e66d2dff98efc4cc81d28c37ab3e5a7e204bc870cc805808d914d,1c9aa066573e66d2dff98efc4cc81d28c37ab3e5a7e204bc870cc805808d914d,krom-instruction-raw-utf8-v1,LEGACY_UNPROVEN,KROM Forge v4.2 supplied manifest.json; retained without revalidation
kfg-v4-0429-shipment-exception-control,skills/kfg-v4-0429-shipment-exception-control/SKILL.md,c26b8e2e7dff02be17a0bbc700305d7f0f7bb0aca9afebb3980071a8f3455a68,85d74d718c5996cbb69ac4804b6fd436dc4e06e0f8445eac5ac5bdb6ef77d5ca,85d74d718c5996cbb69ac4804b6fd436dc4e06e0f8445eac5ac5bdb6ef77d5ca,85d74d718c5996cbb69ac4804b6fd436dc4e06e0f8445eac5ac5bdb6ef77d5ca,krom-instruction-raw-utf8-v1,LEGACY_UNPROVEN,KROM Forge v4.2 supplied manifest.json; retained without revalidation
kfg-v4-0430-inventory-allocation-policy,skills/kfg-v4-0430-inventory-allocation-policy/SKILL.md,fa83d48c4637f7403d87dd97c3fac620ba6ec75d6f31fa8ac617f00cb5b4bf7d,7af3012286239edf3425ef57f2a8913a7bbcb8fe977d1af59ea205eb285d3c3b,7af3012286239edf3425ef57f2a8913a7bbcb8fe977d1af59ea205eb285d3c3b,7af3012286239edf3425ef57f2a8913a7bbcb8fe977d1af59ea205eb285d3c3b,krom-instruction-raw-utf8-v1,LEGACY_UNPROVEN,KROM Forge v4.2 supplied manifest.json; retained without revalidation
kfg-v4-0431-asset-register-reconciliation,skills/kfg-v4-0431-asset-register-reconciliation/SKILL.md,802b04dc5cd514ae172343af63fc6b9b5584616461f0775519cb9d8f0fa38a97,ac52243680913d663a2962f255b7dc990a4b7bf891108ade885af88a4782ac15,ac52243680913d663a2962f255b7dc990a4b7bf891108ade885af88a4782ac15,ac52243680913d663a2962f255b7dc990a4b7bf891108ade885af88a4782ac15,krom-instruction-raw-utf8-v1,LEGACY_UNPROVEN,KROM Forge v4.2 supplied manifest.json; retained without revalidation
kfg-v4-0432-asset-ownership-transfer,skills/kfg-v4-0432-asset-ownership-transfer/SKILL.md,3e1c3bbd01ce03f0d4097c06ed980025dae9e68c38aa747fdcb0098a3cfd30bc,df1d3d85136870ab2af6143e965a6f566fd92a6ac2d5ae231313f4b551bfb6de,df1d3d85136870ab2af6143e965a6f566fd92a6ac2d5ae231313f4b551bfb6de,df1d3d85136870ab2af6143e965a6f566fd92a6ac2d5ae231313f4b551bfb6de,krom-instruction-raw-utf8-v1,LEGACY_UNPROVEN,KROM Forge v4.2 supplied manifest.json; retained without revalidation
kfg-v4-0433-asset-criticality-model,skills/kfg-v4-0433-asset-criticality-model/SKILL.md,c9019d11132bf1a71305dd0c1e73b465fdd873895af4102109977366817abb27,3ff5c9c5875079172ccb2d540818e2b2be83e870109b2424dc420a9f0fe82b4e,3ff5c9c5875079172ccb2d540818e2b2be83e870109b2424dc420a9f0fe82b4e,3ff5c9c5875079172ccb2d540818e2b2be83e870109b2424dc420a9f0fe82b4e,krom-instruction-raw-utf8-v1,LEGACY_UNPROVEN,KROM Forge v4.2 supplied manifest.json; retained without revalidation
kfg-v4-0434-asset-depreciation-evidence,skills/kfg-v4-0434-asset-depreciation-evidence/SKILL.md,0ae14253f9fc4b297af73f683f83474cd8592a14fb851e66eb2e098c83c3c590,e84eb1bb274e4dd0a66be24ebefbf377895ea941a34dfd26943a61d6b296f3c8,e84eb1bb274e4dd0a66be24ebefbf377895ea941a34dfd26943a61d6b296f3c8,e84eb1bb274e4dd0a66be24ebefbf377895ea941a34dfd26943a61d6b296f3c8,krom-instruction-raw-utf8-v1,LEGACY_UNPROVEN,KROM Forge v4.2 supplied manifest.json; retained without revalidation
kfg-v4-0435-asset-location-integrity,skills/kfg-v4-0435-asset-location-integrity/SKILL.md,5ec69cb565a84d8864af9928a2244c9bcc770b9f43c5f6eb9957a5d08a8d53c1,7011536009b2c7e2bba23a7d1297442aee223efaaa043656b6fcf40c8336e1e9,7011536009b2c7e2bba23a7d1297442aee223efaaa043656b6fcf40c8336e1e9,7011536009b2c7e2bba23a7d1297442aee223efaaa043656b6fcf40c8336e1e9,krom-instruction-raw-utf8-v1,LEGACY_UNPROVEN,KROM Forge v4.2 supplied manifest.json; retained without revalidation
kfg-v4-0436-predictive-maintenance-feature,skills/kfg-v4-0436-predictive-maintenance-feature/SKILL.md,c4d0345259429a95f500b483a0b7ac8b3d5b273abdb1e5a409a54efae0d22c77,48d2969613596cc9550f65313a4ecaa857fb507ea5ccdeced72a69be07d81639,48d2969613596cc9550f65313a4ecaa857fb507ea5ccdeced72a69be07d81639,48d2969613596cc9550f65313a4ecaa857fb507ea5ccdeced72a69be07d81639,krom-instruction-raw-utf8-v1,LEGACY_UNPROVEN,KROM Forge v4.2 supplied manifest.json; retained without revalidation
kfg-v4-0437-maintenance-backlog-risk,skills/kfg-v4-0437-maintenance-backlog-risk/SKILL.md,ae2d657803fb81c3618287b9bcb50b6a1a443369912e5929cf8c58d6ecfcaa36,504e0253624aa9877e45334de9fa15bbfc16bea5a63ebdbae32fc5705ffbd220,504e0253624aa9877e45334de9fa15bbfc16bea5a63ebdbae32fc5705ffbd220,504e0253624aa9877e45334de9fa15bbfc16bea5a63ebdbae32fc5705ffbd220,krom-instruction-raw-utf8-v1,LEGACY_UNPROVEN,KROM Forge v4.2 supplied manifest.json; retained without revalidation
kfg-v4-0438-failure-code-taxonomy,skills/kfg-v4-0438-failure-code-taxonomy/SKILL.md,1fc40c4dbddadcb3729a90a00fcb54301ef1c7eba08c6dc462375ecab1d71512,10a641c8d07aa3fa6e3e1d69d38368d9c152d60ac4793bdb1ea94b2b807d367b,10a641c8d07aa3fa6e3e1d69d38368d9c152d60ac4793bdb1ea94b2b807d367b,10a641c8d07aa3fa6e3e1d69d38368d9c152d60ac4793bdb1ea94b2b807d367b,krom-instruction-raw-utf8-v1,LEGACY_UNPROVEN,KROM Forge v4.2 supplied manifest.json; retained without revalidation
kfg-v4-0439-maintenance-window-optimizer,skills/kfg-v4-0439-maintenance-window-optimizer/SKILL.md,4c5cf65aa66f89a9fc322342d0b902eb77549a198593e714fcaf05e89d80a58b,e54beae00974c0c4d51ee86d7217c82a348f780be6afddbf65cbcee6d0b387c9,e54beae00974c0c4d51ee86d7217c82a348f780be6afddbf65cbcee6d0b387c9,e54beae00974c0c4d51ee86d7217c82a348f780be6afddbf65cbcee6d0b387c9,krom-instruction-raw-utf8-v1,LEGACY_UNPROVEN,KROM Forge v4.2 supplied manifest.json; retained without revalidation
kfg-v4-0440-spare-parts-availability,skills/kfg-v4-0440-spare-parts-availability/SKILL.md,a88992d0cd7787f4b581f5bf5de69ddebacc69cc911ef23564479212d9d788cc,171eba9fbbdecb75f5320b04231a8670daabf3e60d1d006d9063752a53c88335,171eba9fbbdecb75f5320b04231a8670daabf3e60d1d006d9063752a53c88335,171eba9fbbdecb75f5320b04231a8670daabf3e60d1d006d9063752a53c88335,krom-instruction-raw-utf8-v1,LEGACY_UNPROVEN,KROM Forge v4.2 supplied manifest.json; retained without revalidation
kfg-v4-0441-cmms-work-order-state,skills/kfg-v4-0441-cmms-work-order-state/SKILL.md,5ad92c792d919ea9f925a6b81ce43353c994b4b013b33998a8d8332671391249,80b9a2bd5778a8e9ed1861f31841ade2b6b9d86f7939186bd17fad12d67eea8a,80b9a2bd5778a8e9ed1861f31841ade2b6b9d86f7939186bd17fad12d67eea8a,80b9a2bd5778a8e9ed1861f31841ade2b6b9d86f7939186bd17fad12d67eea8a,krom-instruction-raw-utf8-v1,LEGACY_UNPROVEN,KROM Forge v4.2 supplied manifest.json; retained without revalidation
kfg-v4-0442-technician-skill-matching,skills/kfg-v4-0442-technician-skill-matching/SKILL.md,b18ce614e5383a018ff7935ba935fec1f444ee59b84bbdad592faa6cf0936c8c,7a4ed9764ad4f69590204e2059cc6c86e673cef308f09ed65b819a71f62fb25a,7a4ed9764ad4f69590204e2059cc6c86e673cef308f09ed65b819a71f62fb25a,7a4ed9764ad4f69590204e2059cc6c86e673cef308f09ed65b819a71f62fb25a,krom-instruction-raw-utf8-v1,LEGACY_UNPROVEN,KROM Forge v4.2 supplied manifest.json; retained without revalidation
kfg-v4-0443-maintenance-kpi-lineage,skills/kfg-v4-0443-maintenance-kpi-lineage/SKILL.md,5e2c8e2a6068ade68b34a7b3ca864f7e354dc5bf97177392f451e67b64b8943f,eae9fcf759dcd7d1eb77afe337e6912047ef8a8ac9d0c60726d65b179b8285fe,eae9fcf759dcd7d1eb77afe337e6912047ef8a8ac9d0c60726d65b179b8285fe,eae9fcf759dcd7d1eb77afe337e6912047ef8a8ac9d0c60726d65b179b8285fe,krom-instruction-raw-utf8-v1,LEGACY_UNPROVEN,KROM Forge v4.2 supplied manifest.json; retained without revalidation
kfg-v4-0444-preventive-maintenance-compliance,skills/kfg-v4-0444-preventive-maintenance-compliance/SKILL.md,1ba651101ee5957f7ee70c2dc2151cc9a26adb32377c9bc74884562d64263a45,e77251554e385a46b8055bcda61cecd02f835cc2cd122e6d85c313f87b81c692,e77251554e385a46b8055bcda61cecd02f835cc2cd122e6d85c313f87b81c692,e77251554e385a46b8055bcda61cecd02f835cc2cd122e6d85c313f87b81c692,krom-instruction-raw-utf8-v1,LEGACY_UNPROVEN,KROM Forge v4.2 supplied manifest.json; retained without revalidation
kfg-v4-0445-cmms-mobile-offline,skills/kfg-v4-0445-cmms-mobile-offline/SKILL.md,2d537a585243329c11951fd5072c3e186322525c9112ebcea9cb7a12ee44e1ea,4ec69b9e2cd7d1137b12389bf0837430bd8a45c1516893069d26999feacfab41,4ec69b9e2cd7d1137b12389bf0837430bd8a45c1516893069d26999feacfab41,4ec69b9e2cd7d1137b12389bf0837430bd8a45c1516893069d26999feacfab41,krom-instruction-raw-utf8-v1,LEGACY_UNPROVEN,KROM Forge v4.2 supplied manifest.json; retained without revalidation
kfg-v4-0446-nonconformance-causal-chain,skills/kfg-v4-0446-nonconformance-causal-chain/SKILL.md,7d9b2fdab0482e476bbd5bcf2af4e15f135701bb79a08d2a5f6bcae052d32252,38bd2acecae3f21c1e7bd43b802069d8b27f711247f34e8d1ac12e81aa4a87d5,38bd2acecae3f21c1e7bd43b802069d8b27f711247f34e8d1ac12e81aa4a87d5,38bd2acecae3f21c1e7bd43b802069d8b27f711247f34e8d1ac12e81aa4a87d5,krom-instruction-raw-utf8-v1,LEGACY_UNPROVEN,KROM Forge v4.2 supplied manifest.json; retained without revalidation
kfg-v4-0447-capa-root-cause-quality,skills/kfg-v4-0447-capa-root-cause-quality/SKILL.md,af1457f2c27c7f88fde06f2004fda2d971e169230e57b7226b0c5d4f6d91dd64,e859122c301653883e77c93fe392821200af5ed286a93ab13989695e0592294f,e859122c301653883e77c93fe392821200af5ed286a93ab13989695e0592294f,e859122c301653883e77c93fe392821200af5ed286a93ab13989695e0592294f,krom-instruction-raw-utf8-v1,LEGACY_UNPROVEN,KROM Forge v4.2 supplied manifest.json; retained without revalidation
kfg-v4-0448-inspection-sampling-plan,skills/kfg-v4-0448-inspection-sampling-plan/SKILL.md,a2c3c393528d1c2dc976529d31bad6a2dd1076e0fcb4842e07ac81ebf0cb9ac0,27a546ee8269c710ed2ebe75bd4b784bd1f62ecc29d8e75a1b57b347d394e351,27a546ee8269c710ed2ebe75bd4b784bd1f62ecc29d8e75a1b57b347d394e351,27a546ee8269c710ed2ebe75bd4b784bd1f62ecc29d8e75a1b57b347d394e351,krom-instruction-raw-utf8-v1,LEGACY_UNPROVEN,KROM Forge v4.2 supplied manifest.json; retained without revalidation
kfg-v4-0449-quality-record-immutability,skills/kfg-v4-0449-quality-record-immutability/SKILL.md,b419e0439a3448e726d00e0337d1f8ba8a0a70290a1d3a0eaa06d0451e41e1c1,caf6b3b827089a40107582e990176ca240bbed9cfdd49b299497882fc3533ca6,caf6b3b827089a40107582e990176ca240bbed9cfdd49b299497882fc3533ca6,caf6b3b827089a40107582e990176ca240bbed9cfdd49b299497882fc3533ca6,krom-instruction-raw-utf8-v1,LEGACY_UNPROVEN,KROM Forge v4.2 supplied manifest.json; retained without revalidation
kfg-v4-0450-supplier-quality-escalation,skills/kfg-v4-0450-supplier-quality-escalation/SKILL.md,6f1575f6c06fd3025c37157f4ed24bf7cf691f9f718a1fac85171edac4844d9a,49f8604f1b6e0ea3643d3325af3ea84be736d24e161e747e165081b1450111c1,49f8604f1b6e0ea3643d3325af3ea84be736d24e161e747e165081b1450111c1,49f8604f1b6e0ea3643d3325af3ea84be736d24e161e747e165081b1450111c1,krom-instruction-raw-utf8-v1,LEGACY_UNPROVEN,KROM Forge v4.2 supplied manifest.json; retained without revalidation
kfg-v4-0451-critical-path-confidence,skills/kfg-v4-0451-critical-path-confidence/SKILL.md,0cc473296d45211acb0847108ff12d54bd46b0110cfe2f24eee1d8e332a55641,6d57e85cca11d7c1e66a599dad2ad0ffd0f090d8cd3eb7ef3d7e28203e2e98aa,6d57e85cca11d7c1e66a599dad2ad0ffd0f090d8cd3eb7ef3d7e28203e2e98aa,6d57e85cca11d7c1e66a599dad2ad0ffd0f090d8cd3eb7ef3d7e28203e2e98aa,krom-instruction-raw-utf8-v1,LEGACY_UNPROVEN,KROM Forge v4.2 supplied manifest.json; retained without revalidation
kfg-v4-0452-earned-value-reconciliation,skills/kfg-v4-0452-earned-value-reconciliation/SKILL.md,2f87e841fcf6ce4b50b0bf232630ad0a4db4e6c9fc2dcb8106f8671812fb000d,980ffd04531619e0de942c0d57e5f5e27e5e7272c191a7fa21a4f3bad336519f,980ffd04531619e0de942c0d57e5f5e27e5e7272c191a7fa21a4f3bad336519f,980ffd04531619e0de942c0d57e5f5e27e5e7272c191a7fa21a4f3bad336519f,krom-instruction-raw-utf8-v1,LEGACY_UNPROVEN,KROM Forge v4.2 supplied manifest.json; retained without revalidation
kfg-v4-0453-project-baseline-change,skills/kfg-v4-0453-project-baseline-change/SKILL.md,6705091ce74ecd042b679ff927e48fe5a40155b937980ef256bad731b56ce912,40cee70245dd4d8554dd43ac78768d97190dbb7e7b6a240c122c0fa3906f34b3,40cee70245dd4d8554dd43ac78768d97190dbb7e7b6a240c122c0fa3906f34b3,40cee70245dd4d8554dd43ac78768d97190dbb7e7b6a240c122c0fa3906f34b3,krom-instruction-raw-utf8-v1,LEGACY_UNPROVEN,KROM Forge v4.2 supplied manifest.json; retained without revalidation
kfg-v4-0454-portfolio-dependency-risk,skills/kfg-v4-0454-portfolio-dependency-risk/SKILL.md,11e3f0bc6835871d3e6ea7bf82795bacca32969a2c04a00713edd35dcf5dc56c,b5b806af71e9ecdc144e06ef99eb4489739214dd105e9aa9f19a81d30ca69715,b5b806af71e9ecdc144e06ef99eb4489739214dd105e9aa9f19a81d30ca69715,b5b806af71e9ecdc144e06ef99eb4489739214dd105e9aa9f19a81d30ca69715,krom-instruction-raw-utf8-v1,LEGACY_UNPROVEN,KROM Forge v4.2 supplied manifest.json; retained without revalidation
kfg-v4-0455-project-closeout-evidence,skills/kfg-v4-0455-project-closeout-evidence/SKILL.md,c046d93198783199020ceab2446194bb933dbd11afba86bfba3ef83809702770,65a07ade701fe140c6125a58431e1dddad7fc282b3fedcba6ea1d6aa7463e275,65a07ade701fe140c6125a58431e1dddad7fc282b3fedcba6ea1d6aa7463e275,65a07ade701fe140c6125a58431e1dddad7fc282b3fedcba6ea1d6aa7463e275,krom-instruction-raw-utf8-v1,LEGACY_UNPROVEN,KROM Forge v4.2 supplied manifest.json; retained without revalidation
kfg-v4-0456-rfisubmittal-traceability,skills/kfg-v4-0456-rfisubmittal-traceability/SKILL.md,233ded05f6dba12e815cc3976b5cc4982a225359db9c72941b3ff0897e3189ab,134885d82972f0c6e5f75b433d0b31edac96abc0c46612500e0d5911fdc6133c,134885d82972f0c6e5f75b433d0b31edac96abc0c46612500e0d5911fdc6133c,134885d82972f0c6e5f75b433d0b31edac96abc0c46612500e0d5911fdc6133c,krom-instruction-raw-utf8-v1,LEGACY_UNPROVEN,KROM Forge v4.2 supplied manifest.json; retained without revalidation
kfg-v4-0457-construction-progress-evidence,skills/kfg-v4-0457-construction-progress-evidence/SKILL.md,f69487eded6deb4793e7062ceffa4fb497131c8ae897825c9ab87d2e0c50c97d,f52619b8290de22ed57fbb23f031793ec1fafa52c56ef633151ffa1dac1a5596,f52619b8290de22ed57fbb23f031793ec1fafa52c56ef633151ffa1dac1a5596,f52619b8290de22ed57fbb23f031793ec1fafa52c56ef633151ffa1dac1a5596,krom-instruction-raw-utf8-v1,LEGACY_UNPROVEN,KROM Forge v4.2 supplied manifest.json; retained without revalidation
kfg-v4-0458-site-instruction-change,skills/kfg-v4-0458-site-instruction-change/SKILL.md,5fb6f1d94313732cb8205ccea91222229fad40c223323ca0eb16fa5d5d6eba24,1fd7b42f06987400fdcc94e424881456d02fe8634441179902f1ca87747fbbb3,1fd7b42f06987400fdcc94e424881456d02fe8634441179902f1ca87747fbbb3,1fd7b42f06987400fdcc94e424881456d02fe8634441179902f1ca87747fbbb3,krom-instruction-raw-utf8-v1,LEGACY_UNPROVEN,KROM Forge v4.2 supplied manifest.json; retained without revalidation
kfg-v4-0459-construction-safety-permit,skills/kfg-v4-0459-construction-safety-permit/SKILL.md,255aa050ce3963b86cd93dbe221022ea164becc47e71d67921195e641421b924,9987f40bc4548e7090b1c4a3117dfa35efc41549101e52d3f8b944e55ac8aea9,9987f40bc4548e7090b1c4a3117dfa35efc41549101e52d3f8b944e55ac8aea9,9987f40bc4548e7090b1c4a3117dfa35efc41549101e52d3f8b944e55ac8aea9,krom-instruction-raw-utf8-v1,LEGACY_UNPROVEN,KROM Forge v4.2 supplied manifest.json; retained without revalidation
kfg-v4-0460-asbuilt-document-control,skills/kfg-v4-0460-asbuilt-document-control/SKILL.md,85d973bcc46ead979987b8c882c1579f64d76e9b32668e2f43698ac2a8bcb474,cf1823b9b52fc7c581b12cf4e48f4c16d5228577573ffb57aa2993c1a3ee2329,cf1823b9b52fc7c581b12cf4e48f4c16d5228577573ffb57aa2993c1a3ee2329,cf1823b9b52fc7c581b12cf4e48f4c16d5228577573ffb57aa2993c1a3ee2329,krom-instruction-raw-utf8-v1,LEGACY_UNPROVEN,KROM Forge v4.2 supplied manifest.json; retained without revalidation
kfg-v4-0461-twin-entity-identity,skills/kfg-v4-0461-twin-entity-identity/SKILL.md,b1544f03b5fc34418ccc8b4d73903381f10648ec1864a28fcf0496d87db5d0cd,3b613b24fbcca477c386d6fcf7150b143bc806ce915861841d5badf34b07a109,3b613b24fbcca477c386d6fcf7150b143bc806ce915861841d5badf34b07a109,3b613b24fbcca477c386d6fcf7150b143bc806ce915861841d5badf34b07a109,krom-instruction-raw-utf8-v1,LEGACY_UNPROVEN,KROM Forge v4.2 supplied manifest.json; retained without revalidation
kfg-v4-0462-twin-state-freshness,skills/kfg-v4-0462-twin-state-freshness/SKILL.md,01eafba7153ba099a97409b0adb1bb40b13f29c99acb4fba709bacd9007d9768,d50d10034d68c4e45a0bc8bf13363714ddbd203f6b796be081d5002b7fdb435c,d50d10034d68c4e45a0bc8bf13363714ddbd203f6b796be081d5002b7fdb435c,d50d10034d68c4e45a0bc8bf13363714ddbd203f6b796be081d5002b7fdb435c,krom-instruction-raw-utf8-v1,LEGACY_UNPROVEN,KROM Forge v4.2 supplied manifest.json; retained without revalidation
kfg-v4-0463-simulation-to-reality-gap,skills/kfg-v4-0463-simulation-to-reality-gap/SKILL.md,ce933c67019de7ea07084367b828747abbdc46dd6e69ce31d316463a1b7e1c8a,d3b26dd3858461a2e28a0f9a6846b83425ccbdae290ab0849353484428e17ce7,d3b26dd3858461a2e28a0f9a6846b83425ccbdae290ab0849353484428e17ce7,d3b26dd3858461a2e28a0f9a6846b83425ccbdae290ab0849353484428e17ce7,krom-instruction-raw-utf8-v1,LEGACY_UNPROVEN,KROM Forge v4.2 supplied manifest.json; retained without revalidation
kfg-v4-0464-twin-event-replay,skills/kfg-v4-0464-twin-event-replay/SKILL.md,2e9584d0a5a7553b77e9b0b0c7586dcabecaeaf52808c0b233e4b9318020aa7b,038984a9eaf145bb14746f17796bdefbc2a34476b466df6c933765a0a4ace1c1,038984a9eaf145bb14746f17796bdefbc2a34476b466df6c933765a0a4ace1c1,038984a9eaf145bb14746f17796bdefbc2a34476b466df6c933765a0a4ace1c1,krom-instruction-raw-utf8-v1,LEGACY_UNPROVEN,KROM Forge v4.2 supplied manifest.json; retained without revalidation
kfg-v4-0465-twin-access-boundary,skills/kfg-v4-0465-twin-access-boundary/SKILL.md,e622cdad0646f7c1bb4d601c1f5a966b46228c3351d55a125c0675e192b66b82,fb8bfacd4e303149005d5d96779341a9cb81734815982d8cbb2c828116ffe49a,fb8bfacd4e303149005d5d96779341a9cb81734815982d8cbb2c828116ffe49a,fb8bfacd4e303149005d5d96779341a9cb81734815982d8cbb2c828116ffe49a,krom-instruction-raw-utf8-v1,LEGACY_UNPROVEN,KROM Forge v4.2 supplied manifest.json; retained without revalidation
kfg-v4-0466-device-identity-provisioning,skills/kfg-v4-0466-device-identity-provisioning/SKILL.md,deb531a4b5c2b9c9762d337c38047ce95a603e81d0bf9245f4d8e87118d6e6e1,b97441076ed8af48fd0ba179840b4e2d1a6650401d9e84b148454e6c2ebb3475,b97441076ed8af48fd0ba179840b4e2d1a6650401d9e84b148454e6c2ebb3475,b97441076ed8af48fd0ba179840b4e2d1a6650401d9e84b148454e6c2ebb3475,krom-instruction-raw-utf8-v1,LEGACY_UNPROVEN,KROM Forge v4.2 supplied manifest.json; retained without revalidation
kfg-v4-0467-telemetry-gap-detection,skills/kfg-v4-0467-telemetry-gap-detection/SKILL.md,414a334c82764efde1c4b16e5befeb104459906f23b875eaf0d293bf9b8c97a8,6c3a3e59f8efe060900a6e0c96458381c6b58831784e348cc32245a6f3735e97,6c3a3e59f8efe060900a6e0c96458381c6b58831784e348cc32245a6f3735e97,6c3a3e59f8efe060900a6e0c96458381c6b58831784e348cc32245a6f3735e97,krom-instruction-raw-utf8-v1,LEGACY_UNPROVEN,KROM Forge v4.2 supplied manifest.json; retained without revalidation
kfg-v4-0468-firmware-rollout-safety,skills/kfg-v4-0468-firmware-rollout-safety/SKILL.md,6e6cfce0813e00eb8c049c60441926f79c643b42baf2240f5055fd55e4eb677e,c0dd550eef6825f40f845403dd3f86121c9de130082e3889ca65c67846691e2a,c0dd550eef6825f40f845403dd3f86121c9de130082e3889ca65c67846691e2a,c0dd550eef6825f40f845403dd3f86121c9de130082e3889ca65c67846691e2a,krom-instruction-raw-utf8-v1,LEGACY_UNPROVEN,KROM Forge v4.2 supplied manifest.json; retained without revalidation
kfg-v4-0469-device-command-idempotency,skills/kfg-v4-0469-device-command-idempotency/SKILL.md,907f95de3c933b3db638a40ae55538ccd5c82e1e6d5e0462186fbaea8885a2d6,7c0d3827ef815b59be30daef8bf774906eaa78aea0403c71b9d1caebac755fb3,7c0d3827ef815b59be30daef8bf774906eaa78aea0403c71b9d1caebac755fb3,7c0d3827ef815b59be30daef8bf774906eaa78aea0403c71b9d1caebac755fb3,krom-instruction-raw-utf8-v1,LEGACY_UNPROVEN,KROM Forge v4.2 supplied manifest.json; retained without revalidation
kfg-v4-0470-iot-battery-life-model,skills/kfg-v4-0470-iot-battery-life-model/SKILL.md,13efe16b7163b707000f9beff6fe7124b5887767c1ac2ea49a72860cc6d71aac,b338c7b6340d0d243f96d4899610816486a986d14473b7a3e7b52d7ee8ff4336,b338c7b6340d0d243f96d4899610816486a986d14473b7a3e7b52d7ee8ff4336,b338c7b6340d0d243f96d4899610816486a986d14473b7a3e7b52d7ee8ff4336,krom-instruction-raw-utf8-v1,LEGACY_UNPROVEN,KROM Forge v4.2 supplied manifest.json; retained without revalidation
kfg-v4-0471-industrial-protocol-boundary,skills/kfg-v4-0471-industrial-protocol-boundary/SKILL.md,27c857fa38cc5038cfb19bc52df51123613d1de9c867d7af6536c8ab323453cf,63f4acfb993f94b6848f41a4973f3f004f6fc5e47f012967f9405138b3813b2e,63f4acfb993f94b6848f41a4973f3f004f6fc5e47f012967f9405138b3813b2e,63f4acfb993f94b6848f41a4973f3f004f6fc5e47f012967f9405138b3813b2e,krom-instruction-raw-utf8-v1,LEGACY_UNPROVEN,KROM Forge v4.2 supplied manifest.json; retained without revalidation
kfg-v4-0472-plc-change-evidence,skills/kfg-v4-0472-plc-change-evidence/SKILL.md,8d6ddfa160f0d4baa4608b710d7ad8353749081a2b50880ec5d4b0dc3c62aff3,a8c4882270b015779b219916d5a330a5798200ac1426e2eace6fd7fbceb4a4a1,a8c4882270b015779b219916d5a330a5798200ac1426e2eace6fd7fbceb4a4a1,a8c4882270b015779b219916d5a330a5798200ac1426e2eace6fd7fbceb4a4a1,krom-instruction-raw-utf8-v1,LEGACY_UNPROVEN,KROM Forge v4.2 supplied manifest.json; retained without revalidation
kfg-v4-0473-industrial-alarm-rationalization,skills/kfg-v4-0473-industrial-alarm-rationalization/SKILL.md,416727ecbb7e8cf47bd79ab6260ec9331fc0a60c634ec9df72ee801a4e9b49ac,bfefd6176ce1832ee5317a95405062c7751a4ea15128c35ef3339ecf6edf4b60,bfefd6176ce1832ee5317a95405062c7751a4ea15128c35ef3339ecf6edf4b60,bfefd6176ce1832ee5317a95405062c7751a4ea15128c35ef3339ecf6edf4b60,krom-instruction-raw-utf8-v1,LEGACY_UNPROVEN,KROM Forge v4.2 supplied manifest.json; retained without revalidation
kfg-v4-0474-ot-asset-inventory,skills/kfg-v4-0474-ot-asset-inventory/SKILL.md,85a3cb0ef01d4ad9c7603e601a533d1032b6bf37603382cba4b2a49420f351ac,a48d49469fc1133bcb30e4bf46f5191fecdc1ef9d30230fe0b7d3cf537af5375,a48d49469fc1133bcb30e4bf46f5191fecdc1ef9d30230fe0b7d3cf537af5375,a48d49469fc1133bcb30e4bf46f5191fecdc1ef9d30230fe0b7d3cf537af5375,krom-instruction-raw-utf8-v1,LEGACY_UNPROVEN,KROM Forge v4.2 supplied manifest.json; retained without revalidation
kfg-v4-0475-industrial-network-segmentation,skills/kfg-v4-0475-industrial-network-segmentation/SKILL.md,1046022462aeb08480c885b239cffd3b88617c8fb1e624ecf1b6e89a79c765bc,4f5dd2c40cf60afc880cb39eabcaccd48e85133a0234091f61f21d754f5ddfe8,4f5dd2c40cf60afc880cb39eabcaccd48e85133a0234091f61f21d754f5ddfe8,4f5dd2c40cf60afc880cb39eabcaccd48e85133a0234091f61f21d754f5ddfe8,krom-instruction-raw-utf8-v1,LEGACY_UNPROVEN,KROM Forge v4.2 supplied manifest.json; retained without revalidation
kfg-v4-0476-otit-data-diode-policy,skills/kfg-v4-0476-otit-data-diode-policy/SKILL.md,71204d4905bfb7ec316074fab520a815bc1751b420e00f889a1052aa7906b19b,4aa6bd8602c1571dc8c323fe1de74a2f1df3ceb920ed10082cbe016055bb142f,4aa6bd8602c1571dc8c323fe1de74a2f1df3ceb920ed10082cbe016055bb142f,4aa6bd8602c1571dc8c323fe1de74a2f1df3ceb920ed10082cbe016055bb142f,krom-instruction-raw-utf8-v1,LEGACY_UNPROVEN,KROM Forge v4.2 supplied manifest.json; retained without revalidation
kfg-v4-0477-historian-to-cloud-lineage,skills/kfg-v4-0477-historian-to-cloud-lineage/SKILL.md,3b6a81b5e1168c0c7e3cd37f775d4e5eff87a93034b202a19d08f72d66fde26c,5e1c6d1cd181cc0738c6db2302c0aaced70cd8db231b86fc30dda6ffa38b90bc,5e1c6d1cd181cc0738c6db2302c0aaced70cd8db231b86fc30dda6ffa38b90bc,5e1c6d1cd181cc0738c6db2302c0aaced70cd8db231b86fc30dda6ffa38b90bc,krom-instruction-raw-utf8-v1,LEGACY_UNPROVEN,KROM Forge v4.2 supplied manifest.json; retained without revalidation
kfg-v4-0478-otit-time-sync,skills/kfg-v4-0478-otit-time-sync/SKILL.md,54bd0f168fe24827e568de197fadda5013a924edc0133e0c639a9c575783e794,db4d6f5e451f97e9ac0bdb801288aa371af62faa93daaee973c29fb55f9021b4,db4d6f5e451f97e9ac0bdb801288aa371af62faa93daaee973c29fb55f9021b4,db4d6f5e451f97e9ac0bdb801288aa371af62faa93daaee973c29fb55f9021b4,krom-instruction-raw-utf8-v1,LEGACY_UNPROVEN,KROM Forge v4.2 supplied manifest.json; retained without revalidation
kfg-v4-0479-industrial-api-gateway,skills/kfg-v4-0479-industrial-api-gateway/SKILL.md,12ad6c9eeeec38fadc9a92418f3d1125427b50fb21b0c6decef1622b315e69aa,e19c4544c0a6f49f09c6d2e654034cbe14117e0cd3a0b6501963e07f6e37ce23,e19c4544c0a6f49f09c6d2e654034cbe14117e0cd3a0b6501963e07f6e37ce23,e19c4544c0a6f49f09c6d2e654034cbe14117e0cd3a0b6501963e07f6e37ce23,krom-instruction-raw-utf8-v1,LEGACY_UNPROVEN,KROM Forge v4.2 supplied manifest.json; retained without revalidation
kfg-v4-0480-otit-incident-coordination,skills/kfg-v4-0480-otit-incident-coordination/SKILL.md,29024df7531da23182374ea386667165579c21447323a7db9f077db37592b6f3,9e76dc16f658bd8558a84bb69e7679af5b5fdaf1c3a6e2e7ad3a082c351467bf,9e76dc16f658bd8558a84bb69e7679af5b5fdaf1c3a6e2e7ad3a082c351467bf,9e76dc16f658bd8558a84bb69e7679af5b5fdaf1c3a6e2e7ad3a082c351467bf,krom-instruction-raw-utf8-v1,LEGACY_UNPROVEN,KROM Forge v4.2 supplied manifest.json; retained without revalidation
kfg-v4-0481-security-control-evidence,skills/kfg-v4-0481-security-control-evidence/SKILL.md,c63dcb05a8d39a6dd012546e67a907961d39b6c949dd451359aaa22c2eb7c5a6,b059f5d7b8a7f23bbafb418365c207f0a95cd26e98a2bb086e86bda5d4ca769a,b059f5d7b8a7f23bbafb418365c207f0a95cd26e98a2bb086e86bda5d4ca769a,b059f5d7b8a7f23bbafb418365c207f0a95cd26e98a2bb086e86bda5d4ca769a,krom-instruction-raw-utf8-v1,LEGACY_UNPROVEN,KROM Forge v4.2 supplied manifest.json; retained without revalidation
kfg-v4-0482-attack-path-prioritization,skills/kfg-v4-0482-attack-path-prioritization/SKILL.md,7aaf58e1dbeaebfc5e1c04a9b04ecc355ddf067e24f6a797170a5b585818a074,276b7653a575ec9d499e9088677fbe72d2a44d3e441bd6198c5f2d0c92a5bd8b,276b7653a575ec9d499e9088677fbe72d2a44d3e441bd6198c5f2d0c92a5bd8b,276b7653a575ec9d499e9088677fbe72d2a44d3e441bd6198c5f2d0c92a5bd8b,krom-instruction-raw-utf8-v1,LEGACY_UNPROVEN,KROM Forge v4.2 supplied manifest.json; retained without revalidation
kfg-v4-0483-vulnerability-exception-governance,skills/kfg-v4-0483-vulnerability-exception-governance/SKILL.md,562393f2daccb3abb93a17014f784674993ca23349ceadc99692b64a04cb2970,0c288db8c0c5ec2010e7c80437a1f7b4a57904dfdb5d863a297cc6ea4e43753d,0c288db8c0c5ec2010e7c80437a1f7b4a57904dfdb5d863a297cc6ea4e43753d,0c288db8c0c5ec2010e7c80437a1f7b4a57904dfdb5d863a297cc6ea4e43753d,krom-instruction-raw-utf8-v1,LEGACY_UNPROVEN,KROM Forge v4.2 supplied manifest.json; retained without revalidation
kfg-v4-0484-security-incident-playbook,skills/kfg-v4-0484-security-incident-playbook/SKILL.md,4199d1e7fafca8345d96eb1024a8689f9cfdcdf484f34055b0214e49462dae76,ff522c9850b3c2623eabf20c7c56ff8e6abc264525c1e33487c68c1eccf1de34,ff522c9850b3c2623eabf20c7c56ff8e6abc264525c1e33487c68c1eccf1de34,ff522c9850b3c2623eabf20c7c56ff8e6abc264525c1e33487c68c1eccf1de34,krom-instruction-raw-utf8-v1,LEGACY_UNPROVEN,KROM Forge v4.2 supplied manifest.json; retained without revalidation
kfg-v4-0485-cyber-risk-quantification,skills/kfg-v4-0485-cyber-risk-quantification/SKILL.md,232ec3e2824408f15b4f88739d9530f7a8b9c41e4e73cc9818fd5f9a5e8322db,beae59fecf2549e2cc8003c0e032419a5fa4960eb88d8c410ce749928300be01,beae59fecf2549e2cc8003c0e032419a5fa4960eb88d8c410ce749928300be01,beae59fecf2549e2cc8003c0e032419a5fa4960eb88d8c410ce749928300be01,krom-instruction-raw-utf8-v1,LEGACY_UNPROVEN,KROM Forge v4.2 supplied manifest.json; retained without revalidation
kfg-v4-0486-decision-rights-matrix,skills/kfg-v4-0486-decision-rights-matrix/SKILL.md,55948e0d552e4b852aac151ced54a39658eb57554e71033f8ad4175f8e5ca1ad,a473184f17148e5b0adfe345a5188eb539a776097c75f5faeb3fdd6c0ed099e6,a473184f17148e5b0adfe345a5188eb539a776097c75f5faeb3fdd6c0ed099e6,a473184f17148e5b0adfe345a5188eb539a776097c75f5faeb3fdd6c0ed099e6,krom-instruction-raw-utf8-v1,LEGACY_UNPROVEN,KROM Forge v4.2 supplied manifest.json; retained without revalidation
kfg-v4-0487-policy-exception-lifecycle,skills/kfg-v4-0487-policy-exception-lifecycle/SKILL.md,2d815f4416ed7cc4ebb9f89e6233b0fdb64c5b4f803c1f7779d1e914c1c000c8,795069aa39f5a4ef3142201d3e271a0087cac1355fb269c61cbe29acd434febb,795069aa39f5a4ef3142201d3e271a0087cac1355fb269c61cbe29acd434febb,795069aa39f5a4ef3142201d3e271a0087cac1355fb269c61cbe29acd434febb,krom-instruction-raw-utf8-v1,LEGACY_UNPROVEN,KROM Forge v4.2 supplied manifest.json; retained without revalidation
kfg-v4-0488-control-owner-reconciliation,skills/kfg-v4-0488-control-owner-reconciliation/SKILL.md,3ae192667df8c361a7232cc8d67081562f8141493a672b0db5fd6ae158a8a6ea,f37ebfae99f86db248b2da90b37df9985a6e7fd90f3b196e276c943a21f5e19b,f37ebfae99f86db248b2da90b37df9985a6e7fd90f3b196e276c943a21f5e19b,f37ebfae99f86db248b2da90b37df9985a6e7fd90f3b196e276c943a21f5e19b,krom-instruction-raw-utf8-v1,LEGACY_UNPROVEN,KROM Forge v4.2 supplied manifest.json; retained without revalidation
kfg-v4-0489-architecture-review-board,skills/kfg-v4-0489-architecture-review-board/SKILL.md,85619b01114c8b82879c95b93edfc6e8e5974429ad2a447bfd7ad812f1198f05,da20614fbf93c5c2298adba504a1b69a2dbdd504ae4ee321548730b954b0077f,da20614fbf93c5c2298adba504a1b69a2dbdd504ae4ee321548730b954b0077f,da20614fbf93c5c2298adba504a1b69a2dbdd504ae4ee321548730b954b0077f,krom-instruction-raw-utf8-v1,LEGACY_UNPROVEN,KROM Forge v4.2 supplied manifest.json; retained without revalidation
kfg-v4-0490-governance-metric-pack,skills/kfg-v4-0490-governance-metric-pack/SKILL.md,8f29ba6227ced859d3e0d65165f8b8b644bc8e691bf0599bfe8cd7d528585b49,d662c71ea8ad3b449f23f8372eb1afea7dd6843fd52d27ee9de3bc984641919a,d662c71ea8ad3b449f23f8372eb1afea7dd6843fd52d27ee9de3bc984641919a,d662c71ea8ad3b449f23f8372eb1afea7dd6843fd52d27ee9de3bc984641919a,krom-instruction-raw-utf8-v1,LEGACY_UNPROVEN,KROM Forge v4.2 supplied manifest.json; retained without revalidation
kfg-v4-0491-data-inventory-purpose,skills/kfg-v4-0491-data-inventory-purpose/SKILL.md,2f8e071480f1557cfa9427b9a876984657e8e187e7ce924144926e220d7ec8ce,34c65ee826a8a87c130d7e19b136bdc76f40706226b8f7058e57ff4cf4b81a4a,34c65ee826a8a87c130d7e19b136bdc76f40706226b8f7058e57ff4cf4b81a4a,34c65ee826a8a87c130d7e19b136bdc76f40706226b8f7058e57ff4cf4b81a4a,krom-instruction-raw-utf8-v1,LEGACY_UNPROVEN,KROM Forge v4.2 supplied manifest.json; retained without revalidation
kfg-v4-0492-consent-provenance,skills/kfg-v4-0492-consent-provenance/SKILL.md,9b0ef45f5c42f0a40b47128b6e0b38281bc71f1031957a97ed4491696965af0b,b9359957e161efea57d4510f478655b83a695d02216ddab62190c753c00d891c,b9359957e161efea57d4510f478655b83a695d02216ddab62190c753c00d891c,b9359957e161efea57d4510f478655b83a695d02216ddab62190c753c00d891c,krom-instruction-raw-utf8-v1,LEGACY_UNPROVEN,KROM Forge v4.2 supplied manifest.json; retained without revalidation
kfg-v4-0493-data-subject-request,skills/kfg-v4-0493-data-subject-request/SKILL.md,e2ba1ace4aa9b582d6036d7cffb9af272d05389dbc2c653cc4e7bd06be036093,2cce8f62f7f722b8a86b7be384f1ea37dbe85b961805468c8a68929ea3e37c98,2cce8f62f7f722b8a86b7be384f1ea37dbe85b961805468c8a68929ea3e37c98,2cce8f62f7f722b8a86b7be384f1ea37dbe85b961805468c8a68929ea3e37c98,krom-instruction-raw-utf8-v1,LEGACY_UNPROVEN,KROM Forge v4.2 supplied manifest.json; retained without revalidation
kfg-v4-0494-privacy-impact-assessment,skills/kfg-v4-0494-privacy-impact-assessment/SKILL.md,8933ba4f89bc9a9fc6e6876844d2e469534caa4d8906ed8e0d5d344fecae3278,2ddb1f61604a72250dd9134e32850ba2d883b906a9db776eaf791f0f2daf699a,2ddb1f61604a72250dd9134e32850ba2d883b906a9db776eaf791f0f2daf699a,2ddb1f61604a72250dd9134e32850ba2d883b906a9db776eaf791f0f2daf699a,krom-instruction-raw-utf8-v1,LEGACY_UNPROVEN,KROM Forge v4.2 supplied manifest.json; retained without revalidation
kfg-v4-0495-retention-deletion-verifier,skills/kfg-v4-0495-retention-deletion-verifier/SKILL.md,3ee515e50de874f25a7256137accfe456c026c227e516fa2c450ec7f0ec91dd2,288a3abb5498de779ebd4c97d48ab470a8f047f38663540adf781b5639fa7ac1,288a3abb5498de779ebd4c97d48ab470a8f047f38663540adf781b5639fa7ac1,288a3abb5498de779ebd4c97d48ab470a8f047f38663540adf781b5639fa7ac1,krom-instruction-raw-utf8-v1,LEGACY_UNPROVEN,KROM Forge v4.2 supplied manifest.json; retained without revalidation
kfg-v4-0496-rto-rpo-evidence,skills/kfg-v4-0496-rto-rpo-evidence/SKILL.md,ba09be6b0f7c0604d49315cdc2175e01449d81ba39a8660af7c9a781b8f39e56,cbeaade54e343874ff11f893ad158b8247b7d89fb98a09c7cce194b3c5439fcf,cbeaade54e343874ff11f893ad158b8247b7d89fb98a09c7cce194b3c5439fcf,cbeaade54e343874ff11f893ad158b8247b7d89fb98a09c7cce194b3c5439fcf,krom-instruction-raw-utf8-v1,LEGACY_UNPROVEN,KROM Forge v4.2 supplied manifest.json; retained without revalidation
kfg-v4-0497-backup-restore-integrity,skills/kfg-v4-0497-backup-restore-integrity/SKILL.md,d86462ed9c3af2e9574c306b725941881edb40631dc12b801232fdff317cce26,68406859b9b8388a9a84bb8cba4ed9fab14c78ca2386bb7e6b108c218d2007a7,68406859b9b8388a9a84bb8cba4ed9fab14c78ca2386bb7e6b108c218d2007a7,68406859b9b8388a9a84bb8cba4ed9fab14c78ca2386bb7e6b108c218d2007a7,krom-instruction-raw-utf8-v1,LEGACY_UNPROVEN,KROM Forge v4.2 supplied manifest.json; retained without revalidation
kfg-v4-0498-regional-failover-drill,skills/kfg-v4-0498-regional-failover-drill/SKILL.md,4b284969fb9e7054e9becba1cc4abe10eddae847b7f566368a73b4a7e3ccee9b,ac7bd8e8ceeac4993bfdc13c6d6926000713236ac789cecd61b6c78fb1c1fd5d,ac7bd8e8ceeac4993bfdc13c6d6926000713236ac789cecd61b6c78fb1c1fd5d,ac7bd8e8ceeac4993bfdc13c6d6926000713236ac789cecd61b6c78fb1c1fd5d,krom-instruction-raw-utf8-v1,LEGACY_UNPROVEN,KROM Forge v4.2 supplied manifest.json; retained without revalidation
kfg-v4-0499-recovery-dependency-map,skills/kfg-v4-0499-recovery-dependency-map/SKILL.md,a64e96abd9cd5fee8f37ee6774119b88f3528e5129e55bbef631aa9fe5bbae41,6da38e233d489d84f42c7ae2b16e5c32c9a8a635036d38844ca54babe1d957e8,6da38e233d489d84f42c7ae2b16e5c32c9a8a635036d38844ca54babe1d957e8,6da38e233d489d84f42c7ae2b16e5c32c9a8a635036d38844ca54babe1d957e8,krom-instruction-raw-utf8-v1,LEGACY_UNPROVEN,KROM Forge v4.2 supplied manifest.json; retained without revalidation
kfg-v4-0500-disaster-communications-runbook,skills/kfg-v4-0500-disaster-communications-runbook/SKILL.md,8fc035b72d567c9c646207510e9e983d71063bb6c7bf1e68c06b5b052ce1c9d2,91d36ed76e2281226031f7c54cbc7f306b8e0467c9aa4129c5a5636ff8850ee6,91d36ed76e2281226031f7c54cbc7f306b8e0467c9aa4129c5a5636ff8850ee6,91d36ed76e2281226031f7c54cbc7f306b8e0467c9aa4129c5a5636ff8850ee6,krom-instruction-raw-utf8-v1,LEGACY_UNPROVEN,KROM Forge v4.2 supplied manifest.json; retained without revalidation
